DROP TABLE IF EXISTS zephir_records;

CREATE TABLE `zephir_records` (
  `autoid` integer NOT NULL PRIMARY KEY,
  `cid` varchar(11) DEFAULT NULL,
  `contribsys` varchar(25) DEFAULT NULL,
  `contribsys_id` varchar(100) DEFAULT NULL,
  `id` varchar(38) DEFAULT NULL,
  `source` varchar(20) DEFAULT NULL,
  `source_collection` varchar(10) DEFAULT NULL,
  `source_record_number` varchar(100) DEFAULT NULL
);

DROP TABLE IF EXISTS zephir_identifiers;

CREATE TABLE `zephir_identifiers` (
  `autoid` integer NOT NULL PRIMARY KEY,
  `type` varchar(50) DEFAULT NULL,
  `identifier` varchar(255) DEFAULT NULL
);

DROP TABLE IF EXISTS zephir_identifier_records;

CREATE TABLE `zephir_identifier_records` (
  `record_autoid` int(11) NOT NULL,
  `identifier_autoid` int(11) NOT NULL,
   PRIMARY KEY (`record_autoid`,`identifier_autoid`)
); 
INSERT INTO `zephir_identifier_records` (`record_autoid`, `identifier_autoid`)
VALUES
	(6949, 20351),
	(6949, 20353),
	(6949, 20354),
	(6949, 20357),
	(6949, 20360),
	(6949, 20363),
	(6949, 20366),
	(234728, 22062),
	(234728, 659384),
	(234728, 659386),
	(234728, 659388),
	(234728, 659390),
	(234728, 659391),
	(234730, 22062),
	(234730, 659384),
	(234730, 659386),
	(234730, 659388),
	(234730, 659390),
	(234730, 659391),
	(234731, 22062),
	(234731, 659384),
	(234731, 659386),
	(234731, 659388),
	(234731, 659390),
	(234731, 659391),
	(234734, 22062),
	(234734, 659384),
	(234734, 659386),
	(234734, 659388),
	(234734, 659390),
	(234734, 659391),
	(234736, 22062),
	(234736, 659384),
	(234736, 659386),
	(234736, 659388),
	(234736, 659390),
	(234736, 659391),
	(1, 1),
	(1, 2),
	(1, 3),
	(1, 4),
	(1, 5),
	(1, 6),
	(1, 7),
	(1, 8),
	(2, 1),
	(2, 2),
	(2, 3),
	(2, 4),
	(2, 5),
	(2, 6),
	(2, 7),
	(2, 8),
	(3, 1),
	(3, 2),
	(3, 3),
	(3, 4),
	(3, 5),
	(3, 6),
	(3, 7),
	(3, 8),
	(4, 9),
	(4, 10),
	(4, 11),
	(4, 12),
	(5, 9),
	(5, 10),
	(5, 11),
	(5, 12),
	(6, 13),
	(6, 14),
	(6, 15),
	(6, 16),
	(6, 17),
	(7, 13),
	(7, 14),
	(7, 15),
	(7, 16),
	(7, 17),
	(8, 13),
	(8, 14),
	(8, 15),
	(8, 16),
	(8, 17),
	(9, 18),
	(9, 19),
	(9, 20),
	(9, 21),
	(9, 22),
	(10, 23),
	(10, 24),
	(10, 25),
	(10, 26),
	(10, 27),
	(10, 28),
	(10, 29),
	(10, 30),
	(11, 31),
	(11, 32),
	(11, 33),
	(11, 34),
	(11, 35),
	(11, 36),
	(11, 37),
	(11, 38),
	(11, 39),
	(11, 40),
	(11, 41),
	(12, 31),
	(12, 32),
	(12, 33),
	(12, 34),
	(12, 35),
	(12, 36),
	(12, 37),
	(12, 38),
	(12, 39),
	(12, 40),
	(12, 41),
	(13, 42),
	(13, 43),
	(13, 44),
	(13, 45),
	(13, 46),
	(14, 47),
	(14, 48),
	(14, 49),
	(14, 50),
	(14, 51),
	(15, 52),
	(15, 53),
	(15, 54),
	(15, 55),
	(15, 56),
	(15, 57),
	(15, 58),
	(15, 59),
	(15, 60),
	(15, 61),
	(16, 52),
	(16, 53),
	(16, 54),
	(16, 55),
	(16, 56),
	(16, 57),
	(16, 58),
	(16, 59),
	(16, 60),
	(16, 61),
	(17, 52),
	(17, 53),
	(17, 54),
	(17, 55),
	(17, 56),
	(17, 57),
	(17, 58),
	(17, 59),
	(17, 60),
	(17, 61),
	(18, 52),
	(18, 53),
	(18, 54),
	(18, 55),
	(18, 56),
	(18, 57),
	(18, 58),
	(18, 59),
	(18, 60),
	(18, 61),
	(19, 52),
	(19, 53),
	(19, 54),
	(19, 55),
	(19, 56),
	(19, 57),
	(19, 58),
	(19, 59),
	(19, 60),
	(19, 61),
	(20, 52),
	(20, 53),
	(20, 54),
	(20, 55),
	(20, 56),
	(20, 57),
	(20, 58),
	(20, 59),
	(20, 60),
	(20, 61),
	(21, 52),
	(21, 53),
	(21, 54),
	(21, 55),
	(21, 56),
	(21, 57),
	(21, 58),
	(21, 59),
	(21, 60),
	(21, 61),
	(22, 62),
	(22, 63),
	(22, 64),
	(22, 65),
	(22, 66),
	(22, 67),
	(23, 68),
	(23, 69),
	(23, 70),
	(24, 52),
	(24, 53),
	(24, 54),
	(24, 55),
	(24, 56),
	(24, 57),
	(24, 58),
	(24, 59),
	(24, 60),
	(24, 61),
	(25, 71),
	(25, 72),
	(25, 73),
	(25, 74),
	(25, 75),
	(26, 52),
	(26, 53),
	(26, 54),
	(26, 55),
	(26, 56),
	(26, 57),
	(26, 58),
	(26, 59),
	(26, 60),
	(26, 61),
	(27, 76),
	(27, 77),
	(27, 78),
	(28, 79),
	(28, 80),
	(28, 81),
	(29, 82),
	(29, 83),
	(29, 84),
	(30, 52),
	(30, 53),
	(30, 54),
	(30, 55),
	(30, 56),
	(30, 57),
	(30, 58),
	(30, 59),
	(30, 60),
	(30, 61),
	(31, 85),
	(31, 86),
	(31, 87),
	(31, 88),
	(32, 89),
	(32, 90),
	(32, 91),
	(33, 52),
	(33, 53),
	(33, 54),
	(33, 55),
	(33, 56),
	(33, 57),
	(33, 58),
	(33, 59),
	(33, 60),
	(33, 61),
	(34, 92),
	(34, 93),
	(34, 94),
	(35, 95),
	(35, 96),
	(35, 97),
	(35, 98),
	(36, 52),
	(36, 53),
	(36, 54),
	(36, 55),
	(36, 56),
	(36, 57),
	(36, 58),
	(36, 59),
	(36, 60),
	(36, 61),
	(37, 99),
	(37, 100),
	(37, 101),
	(37, 102),
	(38, 103),
	(38, 104),
	(38, 105),
	(38, 106),
	(39, 107),
	(39, 108),
	(39, 109),
	(39, 111),
	(39, 113),
	(40, 110),
	(40, 112),
	(40, 114),
	(40, 115),
	(40, 116),
	(41, 117),
	(41, 118),
	(41, 119),
	(42, 110),
	(42, 112),
	(42, 114),
	(42, 115),
	(42, 116),
	(43, 120),
	(43, 121),
	(43, 122),
	(43, 123),
	(44, 124),
	(44, 125),
	(44, 126),
	(44, 127),
	(44, 128),
	(44, 129),
	(45, 130),
	(45, 131),
	(45, 132),
	(45, 133),
	(46, 124),
	(46, 125),
	(46, 126),
	(46, 127),
	(46, 128),
	(46, 129),
	(47, 134),
	(47, 135),
	(47, 136),
	(48, 137),
	(48, 138),
	(48, 139),
	(48, 140),
	(49, 141),
	(49, 142),
	(49, 143),
	(49, 144),
	(49, 145),
	(50, 146),
	(50, 147),
	(50, 148),
	(50, 149),
	(51, 141),
	(51, 142),
	(51, 143),
	(51, 144),
	(51, 145),
	(52, 150),
	(52, 151),
	(52, 152),
	(53, 154),
	(53, 157),
	(53, 159),
	(54, 153),
	(54, 155),
	(54, 156),
	(54, 158),
	(54, 160),
	(55, 161),
	(55, 162),
	(55, 163),
	(55, 165),
	(56, 164),
	(56, 166),
	(56, 167),
	(56, 168),
	(57, 169),
	(57, 170),
	(57, 171),
	(58, 172),
	(58, 173),
	(58, 174),
	(58, 175),
	(58, 176),
	(59, 177),
	(59, 178),
	(59, 179),
	(60, 180),
	(60, 181),
	(60, 182),
	(60, 183),
	(60, 184),
	(61, 185),
	(61, 186),
	(61, 187),
	(61, 188),
	(62, 180),
	(62, 181),
	(62, 182),
	(62, 183),
	(62, 184),
	(63, 189),
	(63, 190),
	(63, 191),
	(63, 192),
	(64, 180),
	(64, 181),
	(64, 182),
	(64, 183),
	(64, 184),
	(65, 193),
	(65, 194),
	(65, 195),
	(65, 196),
	(66, 197),
	(66, 198),
	(66, 199),
	(66, 200),
	(66, 201),
	(67, 202),
	(67, 203),
	(67, 205),
	(67, 207),
	(68, 204),
	(68, 206),
	(68, 208),
	(68, 209),
	(68, 210),
	(68, 211),
	(68, 212),
	(69, 213),
	(69, 214),
	(69, 215),
	(69, 216),
	(70, 217),
	(70, 218),
	(70, 219),
	(70, 220),
	(71, 197),
	(71, 198),
	(71, 199),
	(71, 200),
	(71, 201),
	(72, 204),
	(72, 206),
	(72, 208),
	(72, 209),
	(72, 210),
	(72, 211),
	(72, 212),
	(73, 221),
	(73, 222),
	(73, 223),
	(74, 197),
	(74, 198),
	(74, 199),
	(74, 200),
	(74, 201),
	(75, 224),
	(75, 225),
	(75, 226),
	(75, 227),
	(76, 228),
	(76, 229),
	(76, 230),
	(76, 231),
	(76, 232),
	(76, 233),
	(76, 234),
	(76, 235),
	(77, 197),
	(77, 198),
	(77, 199),
	(77, 200),
	(77, 201),
	(78, 236),
	(78, 237),
	(78, 238),
	(79, 197),
	(79, 198),
	(79, 199),
	(79, 200),
	(79, 201),
	(80, 239),
	(80, 240),
	(80, 241),
	(80, 242),
	(80, 243),
	(81, 228),
	(81, 229),
	(81, 230),
	(81, 231),
	(81, 232),
	(81, 233),
	(81, 234),
	(81, 235),
	(82, 197),
	(82, 198),
	(82, 199),
	(82, 200),
	(82, 201),
	(83, 244);

INSERT INTO `zephir_identifier_records` (`record_autoid`, `identifier_autoid`)
VALUES
	(83, 245),
	(83, 246),
	(83, 247),
	(84, 197),
	(84, 198),
	(84, 199),
	(84, 200),
	(84, 201),
	(85, 248),
	(85, 249),
	(85, 250),
	(85, 251),
	(86, 252),
	(86, 253),
	(86, 254),
	(87, 197),
	(87, 198),
	(87, 199),
	(87, 200),
	(87, 201),
	(88, 255),
	(88, 256),
	(88, 257),
	(89, 46),
	(89, 258),
	(89, 259),
	(89, 260),
	(89, 261),
	(90, 262),
	(90, 263),
	(90, 264),
	(91, 197),
	(91, 198),
	(91, 199),
	(91, 200),
	(91, 201),
	(92, 46),
	(92, 258),
	(92, 259),
	(92, 260),
	(92, 261),
	(93, 265),
	(93, 266),
	(93, 267),
	(94, 197),
	(94, 198),
	(94, 199),
	(94, 200),
	(94, 201),
	(95, 46),
	(95, 268),
	(95, 269),
	(95, 270),
	(95, 271),
	(96, 272),
	(96, 273),
	(96, 274),
	(96, 275),
	(97, 197),
	(97, 198),
	(97, 199),
	(97, 200),
	(97, 201),
	(98, 277),
	(98, 280),
	(98, 282),
	(98, 284),
	(98, 285),
	(99, 46),
	(99, 276),
	(99, 278),
	(99, 279),
	(99, 281),
	(99, 283),
	(99, 286),
	(10000, 28829),
	(10000, 28830),
	(10000, 28831),
	(10001, 4591),
	(10001, 25975),
	(10001, 27995),
	(10001, 27997),
	(10001, 28000),
	(10001, 28003),
	(10001, 28007),
	(10001, 28020),
	(10002, 28832),
	(10002, 28833),
	(10003, 28834),
	(10003, 28835),
	(10003, 28836),
	(10003, 28837),
	(10003, 28838),
	(10003, 28839),
	(10003, 28840),
	(10004, 566),
	(10004, 28842),
	(10004, 28843),
	(10004, 28844),
	(10004, 28845),
	(10005, 28841),
	(10005, 28847),
	(10005, 28849),
	(10005, 28850),
	(10005, 28853),
	(10005, 28855),
	(10006, 28848),
	(10006, 28852),
	(10007, 28851),
	(10007, 28854),
	(10008, 28846),
	(10008, 28856),
	(10008, 28857),
	(10008, 28858),
	(10009, 28859),
	(10009, 28860),
	(10009, 28861),
	(10010, 16298),
	(10010, 16299),
	(10010, 16300),
	(10010, 16301),
	(10010, 16302),
	(10010, 16303),
	(10010, 16304),
	(10010, 16305),
	(10010, 16306),
	(10011, 28862),
	(10011, 28863),
	(10011, 28864),
	(10012, 1342),
	(10012, 28865),
	(10012, 28866),
	(10012, 28867),
	(10012, 28868),
	(10013, 28851),
	(10013, 28854),
	(10014, 28869),
	(10014, 28870),
	(10014, 28871),
	(10015, 28217),
	(10015, 28218),
	(10015, 28219),
	(10015, 28220),
	(10015, 28221),
	(10015, 28222),
	(10015, 28224),
	(10016, 16181),
	(10016, 28872),
	(10016, 28873),
	(10016, 28875),
	(10016, 28876),
	(10016, 28878),
	(10017, 28874),
	(10017, 28877),
	(10017, 28879),
	(10018, 4591),
	(10018, 25975),
	(10018, 27995),
	(10018, 27997),
	(10018, 28000),
	(10018, 28003),
	(10018, 28007),
	(10018, 28020),
	(10019, 28882),
	(10019, 28884),
	(10020, 28880),
	(10020, 28881),
	(10020, 28883),
	(10020, 28886),
	(10020, 28888),
	(10021, 28885),
	(10021, 28887),
	(10022, 28889),
	(10022, 28890),
	(10022, 28891),
	(10023, 18635),
	(10023, 28892),
	(10023, 28893),
	(10023, 28894),
	(10023, 28895),
	(10024, 28898),
	(10024, 28900),
	(10024, 28901),
	(10024, 28902),
	(10025, 28217),
	(10025, 28218),
	(10025, 28219),
	(10025, 28220),
	(10025, 28221),
	(10025, 28222),
	(10025, 28224),
	(10026, 28903),
	(10026, 28904),
	(10026, 28905),
	(10026, 28906),
	(10026, 28907),
	(10027, 28896),
	(10027, 28897),
	(10027, 28899),
	(10027, 28908),
	(10027, 28909),
	(10027, 28910),
	(10028, 16298),
	(10028, 16299),
	(10028, 16300),
	(10028, 16301),
	(10028, 16302),
	(10028, 16303),
	(10028, 16304),
	(10028, 16305),
	(10028, 16306),
	(10029, 28911),
	(10029, 28912),
	(10030, 28913),
	(10030, 28914),
	(10030, 28915),
	(10031, 28916),
	(10031, 28917),
	(10031, 28918),
	(10031, 28919),
	(10031, 28920),
	(10032, 28921),
	(10032, 28922),
	(10033, 28923),
	(10033, 28924),
	(10033, 28925),
	(10033, 28926),
	(10033, 28927),
	(10034, 4591),
	(10034, 25975),
	(10034, 27995),
	(10034, 27997),
	(10034, 28000),
	(10034, 28003),
	(10034, 28007),
	(10034, 28020),
	(10035, 26246),
	(10035, 28930),
	(10035, 28932),
	(10035, 28935),
	(10035, 28936),
	(10036, 28928),
	(10036, 28929),
	(10036, 28931),
	(10036, 28933),
	(10036, 28934),
	(10037, 7421),
	(10037, 28937),
	(10037, 28938),
	(10037, 28939),
	(10037, 28941),
	(10038, 28940),
	(10038, 28942),
	(10038, 28943),
	(10039, 28945),
	(10039, 28946),
	(10040, 28217),
	(10040, 28218),
	(10040, 28219),
	(10040, 28220),
	(10040, 28221),
	(10040, 28222),
	(10040, 28224),
	(10041, 28944),
	(10041, 28947),
	(10041, 28948),
	(10041, 28949),
	(10041, 28950),
	(10041, 28952),
	(10042, 28951),
	(10042, 28953),
	(10043, 28954),
	(10043, 28955),
	(10043, 28956),
	(10044, 28957),
	(10044, 28958),
	(10044, 28959),
	(10044, 28960),
	(10044, 28961),
	(10045, 16298),
	(10045, 16299),
	(10045, 16300),
	(10045, 16301),
	(10045, 16302),
	(10045, 16303),
	(10045, 16304),
	(10045, 16305),
	(10045, 16306),
	(10046, 28962),
	(10046, 28964),
	(10047, 28963),
	(10047, 28965),
	(10047, 28966),
	(10048, 16181),
	(10048, 28967),
	(10048, 28968),
	(10048, 28969),
	(10048, 28970),
	(10048, 28971),
	(10049, 28972),
	(10049, 28973),
	(10049, 28974),
	(10049, 28975),
	(10050, 4591),
	(10050, 25975),
	(10050, 27995),
	(10050, 27997),
	(10050, 28000),
	(10050, 28003),
	(10050, 28007),
	(10050, 28020),
	(10051, 28976),
	(10051, 28977),
	(10051, 28979),
	(10052, 28978),
	(10052, 28980),
	(10052, 28981),
	(10052, 28982),
	(10052, 28984),
	(10053, 28983),
	(10053, 28985),
	(10054, 28986),
	(10054, 28987),
	(10054, 28989),
	(10054, 28991),
	(10055, 1290),
	(10055, 28988),
	(10055, 28990),
	(10055, 28992),
	(10055, 28993),
	(10056, 28217),
	(10056, 28218),
	(10056, 28219),
	(10056, 28220),
	(10056, 28221),
	(10056, 28222),
	(10056, 28224),
	(10057, 28994),
	(10057, 28995),
	(10057, 28996),
	(10057, 28997),
	(10057, 28998),
	(10058, 29001),
	(10058, 29003),
	(10059, 28999),
	(10059, 29000),
	(10059, 29002),
	(10060, 16181),
	(10060, 26068),
	(10060, 29004),
	(10060, 29005),
	(10060, 29006),
	(10060, 29007),
	(10061, 29008),
	(10061, 29009),
	(10061, 29011),
	(10061, 29013),
	(10061, 29015),
	(10062, 28975),
	(10062, 29010),
	(10062, 29012),
	(10062, 29014),
	(10063, 29016),
	(10063, 29017),
	(10063, 29018),
	(10063, 29019),
	(10064, 4591),
	(10064, 25975),
	(10064, 27995),
	(10064, 27997),
	(10064, 28000),
	(10064, 28003),
	(10064, 28007),
	(10064, 28020),
	(10065, 29020),
	(10065, 29023),
	(10066, 604),
	(10066, 29021),
	(10066, 29024),
	(10066, 29026),
	(10066, 29027),
	(10067, 29022),
	(10067, 29025),
	(10067, 29028),
	(10068, 16298),
	(10068, 16299),
	(10068, 16300),
	(10068, 16301),
	(10068, 16302),
	(10068, 16303),
	(10068, 16304),
	(10068, 16305),
	(10068, 16306),
	(10069, 16181),
	(10069, 29029),
	(10069, 29030),
	(10069, 29031),
	(10069, 29032),
	(10069, 29033),
	(10070, 28217),
	(10070, 28218),
	(10070, 28219),
	(10070, 28220),
	(10070, 28221),
	(10070, 28222),
	(10070, 28224),
	(10071, 29034),
	(10071, 29035),
	(10072, 29036),
	(10072, 29037),
	(10072, 29039),
	(10073, 29038),
	(10073, 29040),
	(10073, 29041),
	(10074, 29042),
	(10074, 29043),
	(10074, 29044),
	(10075, 29045),
	(10075, 29046),
	(10075, 29047),
	(10075, 29048),
	(10075, 29049),
	(10076, 29050),
	(10076, 29051),
	(10076, 29052),
	(10076, 29053),
	(10076, 29054),
	(10077, 29055),
	(10077, 29056),
	(10078, 29057),
	(10078, 29058),
	(10078, 29059),
	(10078, 29060),
	(10079, 4591),
	(10079, 25975),
	(10079, 27995),
	(10079, 27997),
	(10079, 28000),
	(10079, 28003),
	(10079, 28007),
	(10079, 28020),
	(10080, 23205),
	(10080, 29061),
	(10080, 29062),
	(10080, 29064),
	(10080, 29066),
	(10080, 29067),
	(10080, 29068),
	(10081, 29063),
	(10081, 29065),
	(10081, 29069),
	(10082, 29070),
	(10082, 29071),
	(10082, 29072),
	(10083, 29073),
	(10083, 29074),
	(10084, 28217),
	(10084, 28218),
	(10084, 28219),
	(10084, 28220),
	(10084, 28221),
	(10084, 28222),
	(10084, 28224),
	(10085, 29075),
	(10085, 29076),
	(10085, 29077),
	(10085, 29078),
	(10085, 29079),
	(10085, 29080),
	(10086, 16298),
	(10086, 16299),
	(10086, 16300),
	(10086, 16301),
	(10086, 16302),
	(10086, 16303),
	(10086, 16304),
	(10086, 16305),
	(10086, 16306),
	(10087, 29081),
	(10087, 29082),
	(10087, 29083),
	(10088, 29085),
	(10088, 29087),
	(10088, 29089),
	(10089, 29084),
	(10089, 29086),
	(10089, 29088),
	(10089, 29090),
	(10089, 29091),
	(10090, 29092),
	(10090, 29093),
	(10090, 29094),
	(10090, 29096),
	(10090, 29097),
	(10090, 29099),
	(10091, 29095),
	(10091, 29098);

INSERT INTO `zephir_identifier_records` (`record_autoid`, `identifier_autoid`)
VALUES
	(10092, 23205),
	(10092, 29061),
	(10092, 29062),
	(10092, 29064),
	(10092, 29066),
	(10092, 29067),
	(10092, 29068),
	(10093, 29100),
	(10093, 29102),
	(10093, 29104),
	(10094, 20386),
	(10094, 29101),
	(10094, 29103),
	(10094, 29105),
	(10095, 29106),
	(10095, 29107),
	(10096, 4591),
	(10096, 25975),
	(10096, 27995),
	(10096, 27997),
	(10096, 28000),
	(10096, 28003),
	(10096, 28007),
	(10096, 28020),
	(10097, 28217),
	(10097, 28218),
	(10097, 28219),
	(10097, 28220),
	(10097, 28221),
	(10097, 28222),
	(10097, 28224),
	(10098, 29108),
	(10098, 29110),
	(10098, 29112),
	(10098, 29113),
	(10098, 29114),
	(10099, 29115),
	(10099, 29116),
	(10099, 29117),
	(10099, 29118),
	(10099, 29119),
	(10100, 29120),
	(10100, 29121),
	(10100, 29122),
	(10100, 29123),
	(10100, 29126),
	(100000, 283049),
	(100000, 283051),
	(100000, 283053),
	(100001, 282238),
	(100001, 282239),
	(100001, 282240),
	(100001, 282241),
	(100001, 282242),
	(100001, 282243),
	(100001, 282244),
	(100001, 282245),
	(100001, 282246),
	(100002, 279245),
	(100002, 282827),
	(100002, 282828),
	(100002, 282829),
	(100002, 282830),
	(100003, 283027),
	(100003, 283029),
	(100004, 283054),
	(100004, 283055),
	(100004, 283056),
	(100005, 283057),
	(100005, 283058),
	(100005, 283059),
	(100006, 283063),
	(100006, 283066),
	(100006, 283069),
	(100007, 283061),
	(100007, 283062),
	(100007, 283065),
	(100007, 283068),
	(100007, 283070),
	(100008, 283060),
	(100008, 283064),
	(100008, 283067),
	(100009, 283071),
	(100009, 283073),
	(100011, 283077),
	(100011, 283078),
	(100012, 279245),
	(100012, 283079),
	(100012, 283080),
	(100012, 283081),
	(100012, 283082),
	(100013, 282631),
	(100013, 282635),
	(100013, 282637),
	(100013, 282638),
	(100013, 282639),
	(100014, 283003),
	(100014, 283005),
	(100015, 283083),
	(100015, 283084),
	(100015, 283085),
	(100015, 283086),
	(100015, 283088),
	(100016, 283089),
	(100016, 283091),
	(100017, 283087),
	(100017, 283090),
	(100017, 283092),
	(100018, 283093),
	(100018, 283094),
	(100018, 283095),
	(100019, 283096),
	(100019, 283097),
	(100019, 283098),
	(100019, 283099),
	(100020, 283101),
	(100020, 283103),
	(100020, 283106),
	(100021, 282610),
	(100021, 283104),
	(100021, 283107),
	(100021, 283109),
	(100021, 283111),
	(100021, 283112),
	(100021, 283113),
	(100022, 283087),
	(100022, 283090),
	(100022, 283092),
	(100023, 283100),
	(100023, 283102),
	(100023, 283105),
	(100023, 283108),
	(100023, 283110),
	(100024, 283114),
	(100024, 283115),
	(100024, 283116),
	(100025, 283003),
	(100025, 283005),
	(100026, 283117),
	(100026, 283118),
	(100026, 283119),
	(100027, 283120),
	(100027, 283121),
	(100028, 283122),
	(100028, 283123),
	(100029, 282238),
	(100029, 282239),
	(100029, 282240),
	(100029, 282241),
	(100029, 282242),
	(100029, 282243),
	(100029, 282244),
	(100029, 282245),
	(100029, 282246),
	(100030, 283127),
	(100030, 283128),
	(100030, 283130),
	(100030, 283131),
	(100030, 283133),
	(100031, 279245),
	(100031, 283129),
	(100031, 283132),
	(100031, 283134),
	(100031, 283135),
	(100032, 283136),
	(100032, 283138),
	(100033, 283087),
	(100033, 283090),
	(100033, 283092),
	(100034, 191206),
	(100034, 283124),
	(100034, 283125),
	(100034, 283126),
	(100034, 283137),
	(100034, 283139),
	(100034, 283140),
	(100035, 283141),
	(100035, 283142),
	(100036, 283143),
	(100036, 283144),
	(100037, 283145),
	(100037, 283146),
	(100037, 283147),
	(100037, 283148),
	(100037, 283149),
	(100038, 283114),
	(100038, 283115),
	(100038, 283116),
	(100039, 26101),
	(100039, 283150),
	(100039, 283151),
	(100039, 283152),
	(100039, 283153),
	(100040, 135263),
	(100040, 283154),
	(100040, 283155),
	(100040, 283156),
	(100040, 283157),
	(100041, 283158),
	(100041, 283159),
	(100041, 283160),
	(100041, 283161),
	(100042, 279245),
	(100042, 283129),
	(100042, 283132),
	(100042, 283134),
	(100042, 283135),
	(100043, 283164),
	(100043, 283166),
	(100044, 260481),
	(100044, 283162),
	(100044, 283163),
	(100044, 283165),
	(100044, 283167),
	(100044, 283168),
	(100045, 283169),
	(100045, 283170),
	(100046, 283172),
	(100046, 283174),
	(100046, 283176),
	(100047, 283171),
	(100047, 283173),
	(100047, 283175),
	(100048, 283177),
	(100048, 283178),
	(100048, 283179),
	(100048, 283180),
	(100048, 283181),
	(100048, 283182),
	(100048, 283183),
	(100049, 283184),
	(100049, 283185),
	(100049, 283186),
	(100050, 283187),
	(100050, 283188),
	(100051, 283189),
	(100051, 283190),
	(100051, 283191),
	(100051, 283192),
	(100052, 283193),
	(100052, 283194),
	(100053, 282238),
	(100053, 282239),
	(100053, 282240),
	(100053, 282241),
	(100053, 282242),
	(100053, 282243),
	(100053, 282244),
	(100053, 282245),
	(100053, 282246),
	(100054, 279245),
	(100054, 283195),
	(100054, 283196),
	(100054, 283198),
	(100054, 283200),
	(100055, 283197),
	(100055, 283199),
	(100055, 283201),
	(100056, 283202),
	(100056, 283203),
	(100056, 283204),
	(100056, 283205),
	(100056, 283206),
	(100057, 283207),
	(100057, 283208),
	(100057, 283209),
	(100058, 283210),
	(100058, 283211),
	(100058, 283213),
	(100058, 283215),
	(100059, 283212),
	(100059, 283214),
	(100060, 283216),
	(100060, 283217),
	(100060, 283219),
	(100061, 260481),
	(100061, 283168),
	(100061, 283218),
	(100061, 283220),
	(100061, 283221),
	(100061, 283222),
	(100062, 283224),
	(100062, 283227),
	(100063, 17889),
	(100063, 283223),
	(100063, 283225),
	(100063, 283228),
	(100063, 283230),
	(100064, 283226),
	(100064, 283229),
	(100064, 283231),
	(100065, 283232),
	(100065, 283233),
	(100065, 283234),
	(100065, 283235),
	(100066, 283216),
	(100066, 283217),
	(100066, 283219),
	(100067, 283236),
	(100067, 283237),
	(100068, 283238),
	(100068, 283239),
	(100069, 279245),
	(100069, 283195),
	(100069, 283196),
	(100069, 283198),
	(100069, 283200),
	(100070, 283241),
	(100070, 283243),
	(100070, 283245),
	(100070, 283247),
	(100070, 283249),
	(100071, 283240),
	(100071, 283242),
	(100071, 283244),
	(100071, 283246),
	(100071, 283248),
	(100071, 283250),
	(100071, 283251),
	(100072, 283252),
	(100072, 283254),
	(100072, 283255),
	(100073, 283253),
	(100073, 283256),
	(100074, 11361),
	(100074, 283258),
	(100074, 283259),
	(100074, 283261),
	(100074, 283264),
	(100075, 26583),
	(100075, 283257),
	(100075, 283260),
	(100075, 283262),
	(100075, 283263),
	(100075, 283265),
	(100076, 283216),
	(100076, 283217),
	(100076, 283219),
	(100077, 282238),
	(100077, 282239),
	(100077, 282240),
	(100077, 282241),
	(100077, 282242),
	(100077, 282243),
	(100077, 282244),
	(100077, 282245),
	(100077, 282246),
	(100078, 57311),
	(100078, 283266),
	(100078, 283267),
	(100078, 283268),
	(100078, 283269),
	(100079, 216499),
	(100079, 283270),
	(100079, 283271),
	(100079, 283272),
	(100079, 283273),
	(100080, 279245),
	(100080, 283195),
	(100080, 283196),
	(100080, 283198),
	(100080, 283200),
	(100081, 283274),
	(100081, 283275),
	(100082, 283276),
	(100082, 283277),
	(100082, 283278),
	(100082, 283279),
	(100083, 283280),
	(100083, 283281),
	(100083, 283282),
	(100083, 283283),
	(100083, 283284),
	(100084, 283216),
	(100084, 283217),
	(100084, 283219),
	(100085, 283285),
	(100085, 283286),
	(100086, 11361),
	(100086, 283258),
	(100086, 283259),
	(100086, 283261),
	(100086, 283264),
	(100087, 94161),
	(100087, 283287),
	(100087, 283288),
	(100087, 283289),
	(100087, 283290),
	(100087, 283292),
	(100087, 283293),
	(100088, 283291),
	(100088, 283294),
	(100089, 283295),
	(100089, 283296),
	(100089, 283298),
	(100090, 283297),
	(100090, 283299),
	(100091, 283301),
	(100091, 283302),
	(100091, 283305),
	(100091, 283306),
	(100092, 283300),
	(100092, 283303),
	(100092, 283304),
	(100093, 283308),
	(100093, 283310),
	(100094, 283307),
	(100094, 283309),
	(100094, 283311),
	(100094, 283313),
	(100094, 283314),
	(100094, 283316),
	(100094, 283318),
	(100095, 283312),
	(100095, 283315),
	(100095, 283317),
	(100095, 283319),
	(100095, 283322),
	(100096, 283320),
	(100096, 283321),
	(100096, 283323),
	(100096, 283324),
	(100096, 283325),
	(100097, 279245),
	(100097, 283195),
	(100097, 283196),
	(100097, 283198),
	(100097, 283200),
	(100098, 283327),
	(100098, 283329),
	(100099, 283326),
	(100099, 283328),
	(100099, 283330),
	(100099, 283331),
	(100099, 283332),
	(100100, 283333),
	(100100, 283334),
	(100100, 283335),
	(100100, 283336);

INSERT INTO `zephir_identifier_records` (`record_autoid`, `identifier_autoid`)
VALUES
	(120149, 335102),
	(120149, 335104),
	(120149, 335105),
	(120149, 335106),
	(120149, 335107),
	(120149, 335108),
	(144671, 394987),
	(144671, 394988),
	(144671, 394990),
	(144671, 394991),
	(144671, 394992),
	(144671, 394993),
	(144671, 394994);


INSERT INTO `zephir_identifiers` (`autoid`, `type`, `identifier`)
VALUES
	(20351, 'lccn', '24021742'),
	(20353, 'oclc', '6758168'),
	(20354, 'oclc', '15437990'),
	(20357, 'oclc', '5663662'),
	(20360, 'contrib_sys_id', 'hvd001905373'),
	(20363, 'cid', '001693730'),
	(20366, 'lc_call_number', 'PS2459.N28'),
	(22062, 'lc_call_number', 'QH91.A1'),
	(659384, 'lccn', 'sn94026354'),
	(659386, 'oclc', '33393343'),
	(659388, 'oclc', '28477569'),
	(659390, 'contrib_sys_id', 'chi2447273'),
	(659391, 'cid', '009547317'),
	(1, 'lccn', '82010812'),
	(2, 'isbn', '0874743788'),
	(3, 'oclc', '8727632'),
	(4, 'contrib_sys_id', 'pur215476'),
	(5, 'cid', '002492721'),
	(6, 'sudoc', 'SI 1.42:5'),
	(7, 'lc_call_number', 'TL539'),
	(8, 'dewey_call_number', '629.13/092/2'),
	(9, 'oclc', '32882115'),
	(10, 'contrib_sys_id', 'pur864352'),
	(11, 'cid', '011323405'),
	(12, 'sudoc', 'D 7.6/2:5 (G)'),
	(13, 'oclc', '30461866'),
	(14, 'contrib_sys_id', 'pur783917'),
	(15, 'cid', '011323406'),
	(16, 'sudoc', 'D 301.6/5:36-2235/V.-'),
	(17, 'gpo_item_num', '0424-F'),
	(18, 'oclc', '17723850'),
	(19, 'contrib_sys_id', 'pur424691'),
	(20, 'cid', '002460565'),
	(21, 'sudoc', 'D 301.26/6:Ae 8/3'),
	(22, 'gpo_item_num', '422-K'),
	(23, 'lccn', '92010459'),
	(24, 'oclc', '25546099'),
	(25, 'contrib_sys_id', 'pur674409'),
	(26, 'cid', '002556342'),
	(27, 'sudoc', 'Y 3.B 47/2:2 Su 7'),
	(28, 'gpo_item_num', '1089'),
	(29, 'lc_call_number', 'KF8744'),
	(30, 'dewey_call_number', '347.73/26/09'),
	(31, 'lccn', '93657036'),
	(32, 'oclc', '2237039'),
	(33, 'contrib_sys_id', 'pur81042'),
	(34, 'cid', '000902267'),
	(35, 'sudoc', 'L 2.121/23:M 66/'),
	(36, 'sudoc', 'L 2.121/23:'),
	(37, 'sudoc', 'L 2.3/2:'),
	(38, 'sudoc', 'L 2.3:'),
	(39, 'gpo_item_num', '768-B-23'),
	(40, 'lc_call_number', 'HD8051'),
	(41, 'dewey_call_number', '331.297765'),
	(42, 'oclc', '53378915'),
	(43, 'contrib_sys_id', 'pur1357659'),
	(44, 'cid', '003870473'),
	(45, 'sudoc', 'I 29.2:ED 8/3'),
	(46, 'gpo_item_num', '0648'),
	(47, 'oclc', '145734281'),
	(48, 'contrib_sys_id', 'pur1727398'),
	(49, 'cid', '005574659'),
	(50, 'sudoc', 'I 29.9/2:N 21/2'),
	(51, 'gpo_item_num', '0648-A'),
	(52, 'lccn', '86657550'),
	(53, 'issn', '0363-6828'),
	(54, 'oclc', '1768178'),
	(55, 'contrib_sys_id', 'pur63733'),
	(56, 'cid', '000637852'),
	(57, 'sudoc', 'I 33.5/2:'),
	(58, 'sudoc', 'I 33.5:'),
	(59, 'sudoc', 'GB 1.5:'),
	(60, 'gpo_item_num', '617-A'),
	(61, 'lc_call_number', 'E154'),
	(62, 'lccn', 'ca12000708'),
	(63, 'issn', '0030-1388'),
	(64, 'oclc', '2390105'),
	(65, 'contrib_sys_id', 'nrlf.b100608668'),
	(66, 'cid', '000641789'),
	(67, 'lc_call_number', 'TN860'),
	(68, 'oclc', '2187763'),
	(69, 'contrib_sys_id', 'hvd000003080'),
	(70, 'cid', '009705694'),
	(71, 'lccn', '15025813'),
	(72, 'oclc', '11780904'),
	(73, 'contrib_sys_id', 'hvd000004558'),
	(74, 'cid', '009705695'),
	(75, 'lc_call_number', 'QC21'),
	(76, 'oclc', '13805043'),
	(77, 'contrib_sys_id', 'hvd000004617'),
	(78, 'cid', '009705696'),
	(79, 'oclc', '13609839'),
	(80, 'contrib_sys_id', 'hvd000004637'),
	(81, 'cid', '009705697'),
	(82, 'oclc', '19149935'),
	(83, 'contrib_sys_id', 'hvd000011821'),
	(84, 'cid', '009705698'),
	(85, 'lccn', '52051625'),
	(86, 'oclc', '19151913'),
	(87, 'contrib_sys_id', 'hvd000011887'),
	(88, 'cid', '009705699'),
	(89, 'oclc', '19153441'),
	(90, 'contrib_sys_id', 'hvd000011950'),
	(91, 'cid', '009705700'),
	(92, 'oclc', '19161494'),
	(93, 'contrib_sys_id', 'hvd000012192'),
	(94, 'cid', '009705701'),
	(95, 'lccn', 'a61005225'),
	(96, 'oclc', '19161578'),
	(97, 'contrib_sys_id', 'hvd000012195'),
	(98, 'cid', '009705702'),
	(99, 'lccn', 'a53006907'),
	(100, 'oclc', '19163595'),
	(101, 'contrib_sys_id', 'hvd000012257'),
	(102, 'cid', '009705703'),
	(103, 'oclc', '80274381'),
	(104, 'oclc', '25231018'),
	(105, 'contrib_sys_id', 'hvd000012735'),
	(106, 'cid', '009705704'),
	(107, 'lccn', 'he68000539'),
	(108, 'oclc', '19160023'),
	(109, 'oclc', '25231055'),
	(111, 'contrib_sys_id', 'hvd000013295'),
	(113, 'cid', '009705705'),
	(110, 'oclc', '26938575'),
	(112, 'contrib_sys_id', 'pur1275443'),
	(114, 'cid', '002581987'),
	(115, 'sudoc', 'PrEx 3.10/4:Ir 1/19/folio'),
	(116, 'gpo_item_num', '0856-A-01'),
	(117, 'oclc', '19153097'),
	(118, 'contrib_sys_id', 'hvd000015381'),
	(119, 'cid', '009705706'),
	(120, 'oclc', '19154350'),
	(121, 'oclc', '25231368'),
	(122, 'contrib_sys_id', 'hvd000015427'),
	(123, 'cid', '009705707'),
	(124, 'oclc', '355314861'),
	(125, 'contrib_sys_id', 'pur2442451'),
	(126, 'cid', '006782118'),
	(127, 'sudoc', 'PREX 23.2:AT 7'),
	(128, 'gpo_item_num', '0857-P-02'),
	(129, 'lc_call_number', 'QC879.7'),
	(130, 'lccn', '54055682'),
	(131, 'oclc', '19163993'),
	(132, 'contrib_sys_id', 'hvd000015718'),
	(133, 'cid', '009705708'),
	(134, 'oclc', '234382697'),
	(135, 'contrib_sys_id', 'hvd000015728'),
	(136, 'cid', '009705709'),
	(137, 'lccn', 'a51001427'),
	(138, 'oclc', '19140685'),
	(139, 'contrib_sys_id', 'hvd000016130'),
	(140, 'cid', '009705710'),
	(141, 'oclc', '687806177'),
	(142, 'contrib_sys_id', 'pur2737990'),
	(143, 'cid', '011323407'),
	(144, 'sudoc', 'PREX 23.2:C 17/2'),
	(145, 'lc_call_number', 'QH344'),
	(146, 'lccn', '56054033'),
	(147, 'oclc', '19154317'),
	(148, 'contrib_sys_id', 'hvd000016585'),
	(149, 'cid', '009705711'),
	(150, 'oclc', '19147605'),
	(151, 'contrib_sys_id', 'hvd000017526'),
	(152, 'cid', '009705712'),
	(154, 'oclc', '78220638'),
	(157, 'contrib_sys_id', 'hvd000018267'),
	(159, 'cid', '009705713'),
	(153, 'oclc', '693812813'),
	(155, 'contrib_sys_id', 'pur2738012'),
	(156, 'cid', '011323408'),
	(158, 'sudoc', 'PREX 23.2:D 35'),
	(160, 'lc_call_number', 'GB848'),
	(161, 'lccn', '58054067'),
	(162, 'oclc', '19138261'),
	(163, 'contrib_sys_id', 'hvd000018375'),
	(165, 'cid', '009705714'),
	(164, 'oclc', '191061697'),
	(166, 'contrib_sys_id', 'pur2738010'),
	(167, 'cid', '011323409'),
	(168, 'sudoc', 'PREX 23.2:G 83'),
	(169, 'oclc', '19136331'),
	(170, 'contrib_sys_id', 'hvd000019409'),
	(171, 'cid', '009705715'),
	(172, 'oclc', '693812817'),
	(173, 'contrib_sys_id', 'pur2738017'),
	(174, 'cid', '011323410'),
	(175, 'sudoc', 'PREX 23.2:UN 1'),
	(176, 'lc_call_number', 'QC903'),
	(177, 'oclc', '19136362'),
	(178, 'contrib_sys_id', 'hvd000019411'),
	(179, 'cid', '009705716'),
	(180, 'oclc', '687806270'),
	(181, 'contrib_sys_id', 'pur2738023'),
	(182, 'cid', '011323411'),
	(183, 'sudoc', 'PREX 23.2:V 42'),
	(184, 'lc_call_number', 'QC903.2.A68'),
	(185, 'oclc', '45947552'),
	(186, 'oclc', '25232023'),
	(187, 'contrib_sys_id', 'hvd000019611'),
	(188, 'cid', '009705717'),
	(189, 'lccn', '45043484'),
	(190, 'oclc', '19158647'),
	(191, 'contrib_sys_id', 'hvd000020210'),
	(192, 'cid', '009705718'),
	(193, 'lccn', '60057680'),
	(194, 'oclc', '19166309'),
	(195, 'contrib_sys_id', 'hvd000020453'),
	(196, 'cid', '009705719'),
	(197, 'lccn', 'sn82005318'),
	(198, 'issn', '0376-0464'),
	(199, 'oclc', '1758560'),
	(200, 'contrib_sys_id', 'nwu182842'),
	(201, 'cid', '003847023'),
	(202, 'lccn', '57054990'),
	(203, 'oclc', '19138287'),
	(205, 'contrib_sys_id', 'hvd000020624'),
	(207, 'cid', '009705720'),
	(204, 'isbn', '0160830869'),
	(206, 'isbn', '9780160830860'),
	(208, 'oclc', '423398359'),
	(209, 'contrib_sys_id', 'pur2474959'),
	(210, 'cid', '006861802'),
	(211, 'sudoc', 'PREX 23.14:C 63'),
	(212, 'gpo_item_num', '0857-P-05'),
	(213, 'issn', '0360-5361 (Print)'),
	(214, 'oclc', '2264517'),
	(215, 'contrib_sys_id', 'nwu195035'),
	(216, 'cid', '010605089'),
	(217, 'lccn', '52049243'),
	(218, 'oclc', '19140751'),
	(219, 'contrib_sys_id', 'hvd000020711'),
	(220, 'cid', '009705721'),
	(221, 'oclc', '83412505'),
	(222, 'contrib_sys_id', 'hvd000021761'),
	(223, 'cid', '009705722'),
	(224, 'lccn', '44036913'),
	(225, 'oclc', '19142989'),
	(226, 'contrib_sys_id', 'hvd000021971'),
	(227, 'cid', '009705723'),
	(228, 'lccn', '83643300'),
	(229, 'issn', '0731-7573'),
	(230, 'oclc', '3875277'),
	(231, 'contrib_sys_id', 'pur773229'),
	(232, 'cid', '002056632'),
	(233, 'sudoc', 'SI 3.13:'),
	(234, 'lc_call_number', 'QE1'),
	(235, 'dewey_call_number', '550/.5'),
	(236, 'oclc', '19148268'),
	(237, 'contrib_sys_id', 'hvd000022178'),
	(238, 'cid', '009705724'),
	(239, 'lccn', 'he67002027'),
	(240, 'oclc', '122828732'),
	(241, 'oclc', '25227554'),
	(242, 'contrib_sys_id', 'hvd000022361'),
	(243, 'cid', '009705725'),
	(244, 'lccn', '48038240'),
	(245, 'oclc', '19146111'),
	(246, 'contrib_sys_id', 'hvd000024363'),
	(247, 'cid', '009705726'),
	(248, 'oclc', '55011812'),
	(249, 'contrib_sys_id', 'pur1387513'),
	(250, 'cid', '005238989'),
	(251, 'sudoc', 'Y 3.P 31:20/116'),
	(252, 'oclc', '19167576'),
	(253, 'contrib_sys_id', 'hvd000025148'),
	(254, 'cid', '009705727'),
	(255, 'oclc', '19136301'),
	(256, 'contrib_sys_id', 'hvd000025164'),
	(257, 'cid', '009705728'),
	(258, 'oclc', '25352021'),
	(259, 'contrib_sys_id', 'pur628390'),
	(260, 'cid', '002704454'),
	(261, 'sudoc', 'I 29.2:Ar 2/16'),
	(262, 'oclc', '19143902'),
	(263, 'contrib_sys_id', 'hvd000025476'),
	(264, 'cid', '009705729'),
	(265, 'oclc', '19146788'),
	(266, 'contrib_sys_id', 'hvd000025576'),
	(267, 'cid', '009705730'),
	(268, 'oclc', '32155371'),
	(269, 'contrib_sys_id', 'pur858337'),
	(270, 'cid', '003004064'),
	(271, 'sudoc', 'I 29.2:C 31'),
	(272, 'oclc', '234318006'),
	(273, 'oclc', '238917098'),
	(274, 'contrib_sys_id', 'hvd000025589'),
	(275, 'cid', '009705731'),
	(277, 'lccn', 'a57006854'),
	(280, 'oclc', '19137619'),
	(282, 'oclc', '25228482'),
	(284, 'contrib_sys_id', 'hvd000026388'),
	(285, 'cid', '009705732'),
	(276, 'lccn', '94137711'),
	(278, 'oclc', '28085160'),
	(279, 'contrib_sys_id', 'pur1135650'),
	(281, 'cid', '003520065'),
	(283, 'sudoc', 'I 29.2:K 74/4/PT.1-4'),
	(286, 'lc_call_number', 'E99.H6'),
	(28829, 'oclc', '31248530'),
	(28830, 'contrib_sys_id', 'hvd002267323'),
	(28831, 'cid', '009706781'),
	(4591, 'lc_call_number', 'HF105'),
	(25975, 'sudoc', 'C 3.164:135/'),
	(27995, 'lccn', '72613440'),
	(27997, 'oclc', '1293292'),
	(28000, 'contrib_sys_id', 'pur41740'),
	(28003, 'cid', '000524931'),
	(28007, 'sudoc', 'C 56.210'),
	(28020, 'dewey_call_number', '382/.5/0973'),
	(28832, 'contrib_sys_id', 'ucm.b19582894'),
	(28833, 'cid', '009342087'),
	(28834, 'lccn', '75141288'),
	(28835, 'isbn', '0395120470'),
	(28836, 'oclc', '202390'),
	(28837, 'contrib_sys_id', 'wu60063'),
	(28838, 'cid', '005707050'),
	(28839, 'lc_call_number', 'LC5146'),
	(28840, 'dewey_call_number', '371.9/672/0973'),
	(566, 'lc_call_number', 'QH546'),
	(28842, 'lccn', '67022801'),
	(28843, 'oclc', '173264'),
	(28844, 'contrib_sys_id', 'ucsd.b13423617'),
	(28845, 'cid', '001492858'),
	(28841, 'lccn', '84003755'),
	(28847, 'isbn', '088132017X :'),
	(28849, 'isbn', '0262081393 (MIT Press)'),
	(28850, 'oclc', '10457711'),
	(28853, 'contrib_sys_id', 'ucsc.b1014318x'),
	(28855, 'cid', '000575899'),
	(28848, 'contrib_sys_id', 'nyp.b115923573'),
	(28852, 'cid', '008584666'),
	(28851, 'contrib_sys_id', 'ucm.b21162748'),
	(28854, 'cid', '009342316'),
	(28846, 'lccn', '22009510'),
	(28856, 'oclc', '13687482'),
	(28857, 'contrib_sys_id', 'ia-nrlf.b12199496x'),
	(28858, 'cid', '006496029'),
	(28859, 'oclc', '31244072'),
	(28860, 'contrib_sys_id', 'hvd002267471'),
	(28861, 'cid', '009706782'),
	(16298, 'lccn', '83644022'),
	(16299, 'issn', '0149-2195'),
	(16300, 'oclc', '3454113'),
	(16301, 'contrib_sys_id', 'umn000092307'),
	(16302, 'cid', '003910026'),
	(16303, 'sudoc', 'HE 20.7009:'),
	(16304, 'gpo_item_num', '0508-A (online)'),
	(16305, 'gpo_item_num', '0508-A'),
	(16306, 'lc_call_number', 'RA407.3'),
	(28862, 'oclc', '7662136'),
	(28863, 'contrib_sys_id', 'nyp.b115923822'),
	(28864, 'cid', '008584667'),
	(1342, 'lc_call_number', 'QE475'),
	(28865, 'lccn', '68020144'),
	(28866, 'oclc', '173421'),
	(28867, 'contrib_sys_id', 'ucsd.b13423952'),
	(28868, 'cid', '001488240'),
	(28869, 'oclc', '182775250'),
	(28870, 'contrib_sys_id', 'hvd002267495'),
	(28871, 'cid', '009706783'),
	(28217, 'lccn', '43011081'),
	(28218, 'issn', '0035-9157 (Print)'),
	(28219, 'oclc', '1764618'),
	(28220, 'contrib_sys_id', 'nwu177453'),
	(28221, 'cid', '000678100'),
	(28222, 'lc_call_number', 'R35'),
	(28224, 'dewey_call_number', '610/.5'),
	(16181, 'dewey_call_number', '929.2/0973'),
	(28872, 'lccn', '79029596'),
	(28873, 'oclc', '203325'),
	(28875, 'contrib_sys_id', 'wu60126'),
	(28876, 'cid', '003152855'),
	(28878, 'lc_call_number', 'CS71.C105'),
	(28874, 'oclc', '45802045'),
	(28877, 'contrib_sys_id', 'ia-nrlf.b150558648'),
	(28879, 'cid', '008440619'),
	(28882, 'contrib_sys_id', 'nyp.b115925028'),
	(28884, 'cid', '008584668'),
	(28880, 'lccn', '84020267'),
	(28881, 'isbn', '0673159523 (pbk.) :'),
	(28883, 'oclc', '11186367'),
	(28886, 'contrib_sys_id', 'ucsc.b1014349x'),
	(28888, 'cid', '007103323'),
	(28885, 'contrib_sys_id', 'ucm.b21161409'),
	(28887, 'cid', '009342244'),
	(28889, 'oclc', '31087412'),
	(28890, 'contrib_sys_id', 'hvd002267501'),
	(28891, 'cid', '009706784'),
	(18635, 'lc_call_number', 'GC16'),
	(28892, 'lccn', '68010425'),
	(28893, 'oclc', '173423'),
	(28894, 'contrib_sys_id', 'ucsd.b13423976'),
	(28895, 'cid', '001273462'),
	(28898, 'lccn', '19007404'),
	(28900, 'contrib_sys_id', 'nyp.b115932288'),
	(28901, 'cid', '008584669'),
	(28902, 'lc_call_number', 'E99.H9'),
	(28903, 'lccn', '20020637'),
	(28904, 'oclc', '2553687'),
	(28905, 'contrib_sys_id', 'ia-nrlf.b124642020'),
	(28906, 'cid', '006516322'),
	(28907, 'lc_call_number', 'TH9151'),
	(28896, 'lccn', '65025856'),
	(28897, 'oclc', '203687'),
	(28899, 'contrib_sys_id', 'wu60151'),
	(28908, 'cid', '001483738'),
	(28909, 'lc_call_number', 'BF320'),
	(28910, 'dewey_call_number', '153.40184'),
	(28911, 'contrib_sys_id', 'ucm.b21161896'),
	(28912, 'cid', '009342279'),
	(28913, 'oclc', '32957166'),
	(28914, 'contrib_sys_id', 'hvd002267519'),
	(28915, 'cid', '009706785'),
	(28916, 'lccn', '84042839'),
	(28917, 'isbn', '0253313236'),
	(28918, 'oclc', '11113707'),
	(28919, 'contrib_sys_id', 'ucsc.b10143543'),
	(28920, 'cid', '000612563'),
	(28921, 'contrib_sys_id', 'ucm.b21162803'),
	(28922, 'cid', '009341798'),
	(28923, 'lccn', '09035585'),
	(28924, 'oclc', '1598573'),
	(28925, 'contrib_sys_id', 'ia-nrlf.b148069459'),
	(28926, 'cid', '006799052'),
	(28927, 'lc_call_number', 'DP354'),
	(26246, 'lc_call_number', 'E185.61'),
	(28930, 'lccn', '58007796'),
	(28932, 'contrib_sys_id', 'nyp.b115940297'),
	(28935, 'cid', '008584670'),
	(28936, 'dewey_call_number', '301.41'),
	(28928, 'lccn', '24012908'),
	(28929, 'oclc', '204046'),
	(28931, 'contrib_sys_id', 'wu60195'),
	(28933, 'cid', '005707051'),
	(28934, 'lc_call_number', 'LB1115'),
	(7421, 'lc_call_number', 'QE508'),
	(28937, 'lccn', '68010423'),
	(28938, 'oclc', '173432'),
	(28939, 'contrib_sys_id', 'ucsd.b13424026'),
	(28941, 'cid', '001488375'),
	(28940, 'oclc', '182775278'),
	(28942, 'contrib_sys_id', 'hvd002267633'),
	(28943, 'cid', '009706786'),
	(28945, 'contrib_sys_id', 'ucm.b21162633'),
	(28946, 'cid', '009342311'),
	(28944, 'lccn', '83020587'),
	(28947, 'isbn', '0525480927 (pbk.)'),
	(28948, 'isbn', '0525242619 :'),
	(28949, 'oclc', '10045690'),
	(28950, 'contrib_sys_id', 'ucsc.b1014366x'),
	(28952, 'cid', '007103324'),
	(28951, 'contrib_sys_id', 'nyp.b115947127'),
	(28953, 'cid', '008584671'),
	(28954, 'oclc', '31247303'),
	(28955, 'contrib_sys_id', 'hvd002267824'),
	(28956, 'cid', '009706787'),
	(28957, 'lccn', '03026337'),
	(28958, 'oclc', '173625'),
	(28959, 'contrib_sys_id', 'ucsd.b13424506'),
	(28960, 'cid', '001396714'),
	(28961, 'lc_call_number', 'RA418'),
	(28962, 'contrib_sys_id', 'ucm.b19932613'),
	(28964, 'cid', '009342115'),
	(28963, 'oclc', '17995410'),
	(28965, 'contrib_sys_id', 'ia-nrlf.b103678013'),
	(28966, 'cid', '006578323'),
	(28967, 'lccn', '70027535'),
	(28968, 'oclc', '204365'),
	(28969, 'contrib_sys_id', 'wu60249'),
	(28970, 'cid', '005707052'),
	(28971, 'lc_call_number', 'CS71.P3163'),
	(28972, 'lccn', '02029264'),
	(28973, 'contrib_sys_id', 'nyp.b115947188'),
	(28974, 'cid', '008584672'),
	(28975, 'lc_call_number', 'PZ3.D323'),
	(28976, 'oclc', '31248216'),
	(28977, 'contrib_sys_id', 'hvd002268007'),
	(28979, 'cid', '009706788'),
	(28978, 'lccn', '85006235'),
	(28980, 'isbn', '087795688X (alk. paper) :'),
	(28981, 'oclc', '11915535'),
	(28982, 'contrib_sys_id', 'ucsc.b10143749'),
	(28984, 'cid', '007103325'),
	(28983, 'contrib_sys_id', 'ucm.b21893949'),
	(28985, 'cid', '009343134'),
	(28986, 'lccn', '01015396'),
	(28987, 'contrib_sys_id', 'nyp.b115947942'),
	(28989, 'cid', '008584673'),
	(28991, 'lc_call_number', 'DT920'),
	(1290, 'lc_call_number', 'QH331'),
	(28988, 'lccn', '66026994'),
	(28990, 'oclc', '173641');

INSERT INTO `zephir_identifiers` (`autoid`, `type`, `identifier`)
VALUES
	(28992, 'contrib_sys_id', 'ucsd.b13424567'),
	(28993, 'cid', '001491438'),
	(28994, 'lccn', '07015411'),
	(28995, 'oclc', '177493'),
	(28996, 'contrib_sys_id', 'ia-nrlf.b121067506'),
	(28997, 'cid', '000407553'),
	(28998, 'lc_call_number', 'E415.9.C4'),
	(29001, 'contrib_sys_id', 'ucm.b21894048'),
	(29003, 'cid', '009343135'),
	(28999, 'oclc', '31248105'),
	(29000, 'contrib_sys_id', 'hvd002268056'),
	(29002, 'cid', '009706789'),
	(26068, 'lc_call_number', 'CS71.B3737'),
	(29004, 'lccn', '71289480'),
	(29005, 'oclc', '204895'),
	(29006, 'contrib_sys_id', 'wu60309'),
	(29007, 'cid', '005707053'),
	(29008, 'lccn', '84020610'),
	(29009, 'isbn', '0198157967 :'),
	(29011, 'oclc', '11187276'),
	(29013, 'contrib_sys_id', 'ucsc.b10143816'),
	(29015, 'cid', '000348134'),
	(29010, 'lccn', '00003446'),
	(29012, 'contrib_sys_id', 'nyp.b115951350'),
	(29014, 'cid', '008584674'),
	(29016, 'oclc', '1688614'),
	(29017, 'contrib_sys_id', 'ia-nrlf.b131558110'),
	(29018, 'cid', '006569308'),
	(29019, 'lc_call_number', 'BM45'),
	(29020, 'contrib_sys_id', 'ucm.b21162815'),
	(29023, 'cid', '009342317'),
	(604, 'lc_call_number', 'QH541'),
	(29021, 'lccn', '52003960'),
	(29024, 'oclc', '173702'),
	(29026, 'contrib_sys_id', 'ucsd.b13424725'),
	(29027, 'cid', '001492694'),
	(29022, 'oclc', '83557926'),
	(29025, 'contrib_sys_id', 'hvd002268151'),
	(29028, 'cid', '009706790'),
	(29029, 'lccn', '75029595'),
	(29030, 'oclc', '205609'),
	(29031, 'contrib_sys_id', 'wu60373'),
	(29032, 'cid', '003152856'),
	(29033, 'lc_call_number', 'CS71.A55'),
	(29034, 'contrib_sys_id', 'ucm.b21162876'),
	(29035, 'cid', '009342319'),
	(29036, 'oclc', '9311329'),
	(29037, 'contrib_sys_id', 'nyp.b115953942'),
	(29039, 'cid', '008584675'),
	(29038, 'oclc', '81473337'),
	(29040, 'contrib_sys_id', 'hvd002268179'),
	(29041, 'cid', '009706791'),
	(29042, 'oclc', '3322543'),
	(29043, 'contrib_sys_id', 'ia-nrlf.b104995397'),
	(29044, 'cid', '001423887'),
	(29045, 'lccn', '68010666'),
	(29046, 'oclc', '173889'),
	(29047, 'contrib_sys_id', 'ucsd.b13425122'),
	(29048, 'cid', '001493301'),
	(29049, 'lc_call_number', 'QH652'),
	(29050, 'lccn', '84024333'),
	(29051, 'isbn', '0877957142 (jkt.)'),
	(29052, 'oclc', '11468266'),
	(29053, 'contrib_sys_id', 'ucsc.b10144201'),
	(29054, 'cid', '007103326'),
	(29055, 'contrib_sys_id', 'ucm.b19581257'),
	(29056, 'cid', '009342079'),
	(29057, 'lccn', '16012240'),
	(29058, 'contrib_sys_id', 'nyp.b115954260'),
	(29059, 'cid', '008584676'),
	(29060, 'lc_call_number', 'DT567'),
	(23205, 'lc_call_number', 'GC2'),
	(29061, 'lccn', '74132383'),
	(29062, 'isbn', '0677149603'),
	(29064, 'oclc', '207633'),
	(29066, 'contrib_sys_id', 'wu60551'),
	(29067, 'cid', '005707054'),
	(29068, 'dewey_call_number', '551.4/6'),
	(29063, 'oclc', '7089875'),
	(29065, 'contrib_sys_id', 'ia-nrlf.b124878970'),
	(29069, 'cid', '006536693'),
	(29070, 'oclc', '31248465'),
	(29071, 'contrib_sys_id', 'hvd002268208'),
	(29072, 'cid', '009706792'),
	(29073, 'contrib_sys_id', 'ucm.b21894449'),
	(29074, 'cid', '009336727'),
	(29075, 'lccn', '85003912'),
	(29076, 'isbn', '0876856326 (hard) :'),
	(29077, 'isbn', '0876856318 (pbk.) :'),
	(29078, 'oclc', '11786182'),
	(29079, 'contrib_sys_id', 'ucsc.b10144225'),
	(29080, 'cid', '007103327'),
	(29081, 'oclc', '31248570'),
	(29082, 'contrib_sys_id', 'hvd002268298'),
	(29083, 'cid', '009706793'),
	(29085, 'lccn', '14017215'),
	(29087, 'contrib_sys_id', 'nyp.b115954521'),
	(29089, 'cid', '008584677'),
	(29084, 'lccn', '67021944'),
	(29086, 'oclc', '173981'),
	(29088, 'contrib_sys_id', 'ucsd.b13425286'),
	(29090, 'cid', '001488394'),
	(29091, 'lc_call_number', 'QE509'),
	(29092, 'lccn', '85217506'),
	(29093, 'oclc', '13214724'),
	(29094, 'contrib_sys_id', 'ia-nrlf.b13133542x'),
	(29096, 'cid', '006596899'),
	(29097, 'lc_call_number', 'E199'),
	(29099, 'dewey_call_number', '973.2/6'),
	(29095, 'contrib_sys_id', 'ucm.b21162943'),
	(29098, 'cid', '009336711'),
	(29100, 'oclc', '31248658'),
	(29102, 'contrib_sys_id', 'hvd002268375'),
	(29104, 'cid', '009706794'),
	(20386, 'lc_call_number', 'F215'),
	(29101, 'lccn', '09027423'),
	(29103, 'contrib_sys_id', 'nyp.b115956694'),
	(29105, 'cid', '008584678'),
	(29106, 'contrib_sys_id', 'ucm.b21162955'),
	(29107, 'cid', '009317301'),
	(29108, 'lccn', '83026413'),
	(29110, 'isbn', '0938920383 (pbk) :'),
	(29112, 'oclc', '10277659'),
	(29113, 'contrib_sys_id', 'ucsc.b10144584'),
	(29114, 'cid', '000312534'),
	(29115, 'lccn', '51014977'),
	(29116, 'oclc', '173984'),
	(29117, 'contrib_sys_id', 'ucsd.b13425304'),
	(29118, 'cid', '001113553'),
	(29119, 'lc_call_number', 'QD151'),
	(29120, 'lccn', '13018475'),
	(29121, 'oclc', '2907444'),
	(29122, 'contrib_sys_id', 'ia-nrlf.b124735526'),
	(29123, 'cid', '006502093'),
	(29126, 'lc_call_number', 'PZ3.B643'),
	(283049, 'oclc', '11396270'),
	(283051, 'contrib_sys_id', 'wu916973'),
	(283053, 'cid', '005713333'),
	(282238, 'lccn', '76643074'),
	(282239, 'issn', '0362-0719'),
	(282240, 'oclc', '2441502'),
	(282241, 'contrib_sys_id', 'umn000358026'),
	(282242, 'cid', '003916860'),
	(282243, 'sudoc', 'C 21.5/2:'),
	(282244, 'gpo_item_num', '0255-B (MF)'),
	(282245, 'gpo_item_num', '0255-A'),
	(282246, 'lc_call_number', 'T223.D7'),
	(279245, 'lc_call_number', 'PR2753'),
	(282827, 'lccn', '12038627'),
	(282828, 'oclc', '3590487'),
	(282829, 'contrib_sys_id', 'uva.u1065586'),
	(282830, 'cid', '006056956'),
	(283027, 'contrib_sys_id', 'nrlf.b164191136'),
	(283029, 'cid', '010031331'),
	(283054, 'oclc', '3857131'),
	(283055, 'contrib_sys_id', 'ucsd.b16450103'),
	(283056, 'cid', '007158755'),
	(283057, 'oclc', '2191554'),
	(283058, 'contrib_sys_id', 'uiuc972341'),
	(283059, 'cid', '011392026'),
	(283063, 'oclc', '11396324'),
	(283066, 'contrib_sys_id', 'wu916981'),
	(283069, 'cid', '005713334'),
	(283061, 'oclc', '2705651'),
	(283062, 'contrib_sys_id', 'pur2677046'),
	(283065, 'cid', '006738469'),
	(283068, 'sudoc', 'J 1.8/2:T 22'),
	(283070, 'lc_call_number', 'KF2765'),
	(283060, 'oclc', '19829847'),
	(283064, 'contrib_sys_id', 'ucsc.b11299538'),
	(283067, 'cid', '007107273'),
	(283071, 'contrib_sys_id', 'mdl.mhs10155'),
	(283073, 'cid', '011372202'),
	(283077, 'contrib_sys_id', 'nrlf.b163607187'),
	(283078, 'cid', '010031332'),
	(283079, 'lccn', '27006745'),
	(283080, 'oclc', '20604108'),
	(283081, 'contrib_sys_id', 'uva.u1065587'),
	(283082, 'cid', '004164580'),
	(282631, 'lccn', '14007552'),
	(282635, 'oclc', '569469'),
	(282637, 'contrib_sys_id', 'nyp.b130399978'),
	(282638, 'cid', '001505376'),
	(282639, 'lc_call_number', 'SB63.B9'),
	(283003, 'contrib_sys_id', 'nwu2632340'),
	(283005, 'cid', '010608540'),
	(283083, 'lccn', '88013928'),
	(283084, 'isbn', '0684190729'),
	(283085, 'oclc', '18557218'),
	(283086, 'contrib_sys_id', 'ucsc.b11299691'),
	(283088, 'cid', '007107274'),
	(283089, 'contrib_sys_id', 'mdl.mhs10156'),
	(283091, 'cid', '011372203'),
	(283087, 'oclc', '3859329'),
	(283090, 'contrib_sys_id', 'ucsd.b16450590'),
	(283092, 'cid', '007158756'),
	(283093, 'lccn', '43005527'),
	(283094, 'contrib_sys_id', 'nrlf.b163405785'),
	(283095, 'cid', '010031333'),
	(283096, 'oclc', '2235653'),
	(283097, 'contrib_sys_id', 'uiuc972343'),
	(283098, 'cid', '010611450'),
	(283099, 'sudoc', 'A 1.82:1054'),
	(283101, 'oclc', '11396328'),
	(283103, 'contrib_sys_id', 'wu916983'),
	(283106, 'cid', '005713335'),
	(282610, 'lc_call_number', 'HV8079.W47'),
	(283104, 'lccn', '77602764'),
	(283107, 'oclc', '3604850'),
	(283109, 'contrib_sys_id', 'pur440552'),
	(283111, 'cid', '007114602'),
	(283112, 'sudoc', 'J 1.8/2:W 58'),
	(283113, 'dewey_call_number', '364.12'),
	(283100, 'lccn', '18011456'),
	(283102, 'oclc', '3076199'),
	(283105, 'contrib_sys_id', 'ia-nrlf.b131529626'),
	(283108, 'cid', '000246197'),
	(283110, 'lc_call_number', 'PS3525.A145'),
	(283114, 'oclc', '14074550'),
	(283115, 'contrib_sys_id', 'nyp.b130415406'),
	(283116, 'cid', '008589013'),
	(283117, 'oclc', '2287030'),
	(283118, 'contrib_sys_id', 'uiuc972346'),
	(283119, 'cid', '011392027'),
	(283120, 'contrib_sys_id', 'mdl.mhs10157'),
	(283121, 'cid', '011372204'),
	(283122, 'contrib_sys_id', 'nrlf.b163626583'),
	(283123, 'cid', '010031334'),
	(283127, 'lccn', '75042256'),
	(283128, 'isbn', '0582780659 :'),
	(283130, 'oclc', '1959687'),
	(283131, 'contrib_sys_id', 'ucsc.b11300139'),
	(283133, 'cid', '007107275'),
	(283129, 'lccn', '17016777'),
	(283132, 'oclc', '703502327'),
	(283134, 'contrib_sys_id', 'uva.u1065589'),
	(283135, 'cid', '009775239'),
	(283136, 'contrib_sys_id', 'nwu2699312'),
	(283138, 'cid', '010608542'),
	(191206, 'dewey_call_number', '574.19/2'),
	(283124, 'lccn', '84025859'),
	(283125, 'isbn', '0444806431 (U.S.)'),
	(283126, 'oclc', '11399614'),
	(283137, 'contrib_sys_id', 'wu917348'),
	(283139, 'cid', '000609083'),
	(283140, 'lc_call_number', 'QP550'),
	(283141, 'contrib_sys_id', 'nrlf.b164227684'),
	(283142, 'cid', '010031335'),
	(283143, 'contrib_sys_id', 'mdl.mhs10158'),
	(283144, 'cid', '011372205'),
	(283145, 'lccn', '56031836'),
	(283146, 'oclc', '5427900'),
	(283147, 'contrib_sys_id', 'pur158715'),
	(283148, 'cid', '011325135'),
	(283149, 'sudoc', 'J 1.28:'),
	(26101, 'lc_call_number', 'QC995'),
	(283150, 'lccn', '04036172'),
	(283151, 'oclc', '29701777'),
	(283152, 'contrib_sys_id', 'ia-nrlf.b149618025'),
	(283153, 'cid', '001486281'),
	(135263, 'lc_call_number', 'GR385.N55'),
	(283154, 'lccn', '57035538'),
	(283155, 'oclc', '3861093'),
	(283156, 'contrib_sys_id', 'ucsd.b16451090'),
	(283157, 'cid', '006953513'),
	(283158, 'oclc', '2294345'),
	(283159, 'contrib_sys_id', 'uiuc972348'),
	(283160, 'cid', '011392028'),
	(283161, 'sudoc', 'A 1.82:1053'),
	(283164, 'contrib_sys_id', 'nrlf.b164161028'),
	(283166, 'cid', '010031336'),
	(260481, 'lc_call_number', 'TN295'),
	(283162, 'lccn', '78604596'),
	(283163, 'oclc', '72047'),
	(283165, 'contrib_sys_id', 'nwu2625469'),
	(283167, 'cid', '005889656'),
	(283168, 'dewey_call_number', '622/.08 s'),
	(283169, 'contrib_sys_id', 'mdl.mhs10159'),
	(283170, 'cid', '011372206'),
	(283172, 'oclc', '19892038'),
	(283174, 'contrib_sys_id', 'ucsc.b11300309'),
	(283176, 'cid', '007107276'),
	(283171, 'oclc', '10581289'),
	(283173, 'contrib_sys_id', 'nyp.b130415431'),
	(283175, 'cid', '001597588'),
	(283177, 'lccn', '68062786'),
	(283178, 'oclc', '376959'),
	(283179, 'contrib_sys_id', 'pur2668829'),
	(283180, 'cid', '001120469'),
	(283181, 'sudoc', 'J 1.33/2:198'),
	(283182, 'lc_call_number', 'HV8080.A3'),
	(283183, 'dewey_call_number', '363.2/32'),
	(283184, 'oclc', '11405069'),
	(283185, 'contrib_sys_id', 'wu917668'),
	(283186, 'cid', '005713336'),
	(283187, 'contrib_sys_id', 'nrlf.b16456097x'),
	(283188, 'cid', '010031337'),
	(283189, 'oclc', '2438401'),
	(283190, 'contrib_sys_id', 'uiuc972353'),
	(283191, 'cid', '011392029'),
	(283192, 'sudoc', 'A 1.82:1056'),
	(283193, 'contrib_sys_id', 'mdl.mhs10160'),
	(283194, 'cid', '011372207'),
	(283195, 'lccn', '07001297'),
	(283196, 'oclc', '5885350'),
	(283198, 'contrib_sys_id', 'uva.u1065591'),
	(283200, 'cid', '009775240'),
	(283197, 'oclc', '8217501'),
	(283199, 'contrib_sys_id', 'ia-nrlf.b120604346'),
	(283201, 'cid', '006515824'),
	(283202, 'lccn', '87022658'),
	(283203, 'isbn', '0933770421 :'),
	(283204, 'oclc', '16647521'),
	(283205, 'contrib_sys_id', 'ucsc.b11300954'),
	(283206, 'cid', '001077954'),
	(283207, 'oclc', '25946620'),
	(283208, 'contrib_sys_id', 'nyp.b130415546'),
	(283209, 'cid', '008589014'),
	(283210, 'isbn', '070651565X'),
	(283211, 'oclc', '3861574'),
	(283213, 'contrib_sys_id', 'ucsd.b16451326'),
	(283215, 'cid', '007158757'),
	(283212, 'contrib_sys_id', 'nrlf.b163441157'),
	(283214, 'cid', '010031338'),
	(283216, 'oclc', '11421560'),
	(283217, 'contrib_sys_id', 'wu918551'),
	(283219, 'cid', '005713337'),
	(283218, 'lccn', '75608195'),
	(283220, 'oclc', '142860'),
	(283221, 'contrib_sys_id', 'nwu2627870'),
	(283222, 'cid', '010608543'),
	(283224, 'contrib_sys_id', 'mdl.mhs10161'),
	(283227, 'cid', '011372208'),
	(17889, 'lc_call_number', 'HQ1206'),
	(283223, 'lccn', '13020759'),
	(283225, 'oclc', '512198'),
	(283228, 'contrib_sys_id', 'ia-nrlf.b121311739'),
	(283230, 'cid', '001063531'),
	(283226, 'oclc', '17729448'),
	(283229, 'contrib_sys_id', 'nyp.b130415741'),
	(283231, 'cid', '008589015'),
	(283232, 'oclc', '2587130'),
	(283233, 'contrib_sys_id', 'uiuc972357'),
	(283234, 'cid', '011392030'),
	(283235, 'sudoc', 'A 1.82:1057'),
	(283236, 'contrib_sys_id', 'nrlf.b163439990'),
	(283237, 'cid', '010031339'),
	(283238, 'contrib_sys_id', 'mdl.mhs10162'),
	(283239, 'cid', '011372209'),
	(283241, 'lccn', '88013127'),
	(283243, 'isbn', '0939660296 (alk. paper) :'),
	(283245, 'oclc', '18497400'),
	(283247, 'contrib_sys_id', 'ucsc.b11300991'),
	(283249, 'cid', '007107277'),
	(283240, 'lccn', '74602597'),
	(283242, 'oclc', '1254703'),
	(283244, 'contrib_sys_id', 'pur2671999'),
	(283246, 'cid', '000025463'),
	(283248, 'sudoc', 'J 1.37/4:Ar 7'),
	(283250, 'lc_call_number', 'HV6638'),
	(283251, 'dewey_call_number', '364.1/64/0973'),
	(283252, 'oclc', '3865417'),
	(283254, 'contrib_sys_id', 'ucsd.b16452550'),
	(283255, 'cid', '007158758'),
	(283253, 'contrib_sys_id', 'nrlf.b163440268'),
	(283256, 'cid', '010031340'),
	(11361, 'lc_call_number', 'Q115'),
	(283258, 'lccn', '05035350'),
	(283259, 'oclc', '5057995'),
	(283261, 'contrib_sys_id', 'nyp.b130415765'),
	(283264, 'cid', '001473272'),
	(26583, 'lc_call_number', 'JX1977'),
	(283257, 'lccn', '77379005'),
	(283260, 'oclc', '2367765'),
	(283262, 'contrib_sys_id', 'nwu2612018'),
	(283263, 'cid', '002470799'),
	(283265, 'dewey_call_number', '300 s'),
	(57311, 'lc_call_number', 'QA21'),
	(283266, 'lccn', '03005520'),
	(283267, 'oclc', '2539374'),
	(283268, 'contrib_sys_id', 'ia-nrlf.b12060484x'),
	(283269, 'cid', '006497344'),
	(216499, 'gpo_item_num', '13-B'),
	(283270, 'oclc', '2847063'),
	(283271, 'contrib_sys_id', 'uiuc972362'),
	(283272, 'cid', '011392031'),
	(283273, 'sudoc', 'A 1.82:1059'),
	(283274, 'contrib_sys_id', 'mdl.mhs10163'),
	(283275, 'cid', '011372210'),
	(283276, 'lccn', '85019554'),
	(283277, 'oclc', '12556089'),
	(283278, 'contrib_sys_id', 'ucsc.b11301119'),
	(283279, 'cid', '007107278'),
	(283280, 'lccn', '73940663'),
	(283281, 'oclc', '3866091'),
	(283282, 'contrib_sys_id', 'ucsd.b16452768'),
	(283283, 'cid', '001416383'),
	(283284, 'lc_call_number', 'BX1653'),
	(283285, 'contrib_sys_id', 'nrlf.b163708150'),
	(283286, 'cid', '010031341'),
	(94161, 'dewey_call_number', '364'),
	(283287, 'lccn', '75619017'),
	(283288, 'oclc', '1218882'),
	(283289, 'contrib_sys_id', 'pur423208'),
	(283290, 'cid', '000771157'),
	(283292, 'sudoc', 'J 1.39:[1-10]'),
	(283293, 'lc_call_number', 'HV7248 1974'),
	(283291, 'contrib_sys_id', 'mdl.mhs10164'),
	(283294, 'cid', '011372211'),
	(283295, 'oclc', '11476255'),
	(283296, 'contrib_sys_id', 'ucsc.b11301247'),
	(283298, 'cid', '007107279'),
	(283297, 'contrib_sys_id', 'nrlf.b163440396'),
	(283299, 'cid', '010031342'),
	(283301, 'oclc', '2944428'),
	(283302, 'contrib_sys_id', 'uiuc972366'),
	(283305, 'cid', '011392032'),
	(283306, 'sudoc', 'A 1.82:1012'),
	(283300, 'oclc', '6933424'),
	(283303, 'contrib_sys_id', 'nwu2644643'),
	(283304, 'cid', '010608544'),
	(283308, 'contrib_sys_id', 'nrlf.b163440402'),
	(283310, 'cid', '010031343'),
	(283307, 'lccn', '85150063'),
	(283309, 'isbn', '0724709150 (pbk.)'),
	(283311, 'oclc', '11427573'),
	(283313, 'contrib_sys_id', 'wu918826'),
	(283314, 'cid', '005713338'),
	(283316, 'lc_call_number', 'HF1642.8'),
	(283318, 'dewey_call_number', '338.1/0995/3'),
	(283312, 'lccn', '17010728'),
	(283315, 'oclc', '30599887'),
	(283317, 'contrib_sys_id', 'ia-nrlf.b131473803'),
	(283319, 'cid', '006564020'),
	(283322, 'lc_call_number', 'SF227.A8'),
	(283320, 'lccn', '07041571'),
	(283321, 'oclc', '2555526'),
	(283323, 'contrib_sys_id', 'nyp.b130415960'),
	(283324, 'cid', '001267689'),
	(283325, 'lc_call_number', 'DS793.E2'),
	(283327, 'contrib_sys_id', 'mdl.mhs10165'),
	(283329, 'cid', '011372212'),
	(283326, 'lccn', '78303804'),
	(283328, 'oclc', '3868127'),
	(283330, 'contrib_sys_id', 'ucsd.b1645327x'),
	(283331, 'cid', '000524529'),
	(283332, 'lc_call_number', 'QK574.I73'),
	(283333, 'lccn', '25027290'),
	(283334, 'oclc', '4925127'),
	(283335, 'contrib_sys_id', 'ucsc.b11301399'),
	(283336, 'cid', '002044872');


INSERT INTO `zephir_identifiers` (`autoid`, `type`, `identifier`)
VALUES
	(335102, 'lccn', '78076787'),
	(335104, 'oclc', '47421'),
	(335105, 'contrib_sys_id', 'miu000000446'),
	(335106, 'cid', '000000446'),
	(335107, 'lc_call_number', 'JC481'),
	(335108, 'dewey_call_number', '321.9'),
	(394987, 'lccn', '72133271'),
	(394988, 'isbn', '0444000711'),
	(394990, 'oclc', '140869'),
	(394991, 'contrib_sys_id', 'miu000002076'),
	(394992, 'cid', '000002076'),
	(394993, 'lc_call_number', 'P123'),
	(394994, 'dewey_call_number', '415/.01/51');


INSERT INTO `zephir_records` (`autoid`, `cid`, `contribsys`, `contribsys_id`, `id`, `source`, `source_collection`, `source_record_number`)
VALUES
	(6949, '001693730', 'UNKNOWN', 'hvd001905373', 'hvd.32044009594938', 'HVD', 'HVD', '001905373'),
	(234728, '009547317', 'UNKNOWN', 'chi2447273', 'chi.81998952', 'CHI', 'CHI', '2447273'),
	(234730, '009547317', 'UNKNOWN', 'chi2447273', 'chi.49298179', 'CHI', 'CHI', '2447273'),
	(234731, '009547317', 'UNKNOWN', 'chi2447273', 'chi.44099438', 'CHI', 'CHI', '2447273'),
	(234734, '009547317', 'UNKNOWN', 'chi2447273', 'chi.44099445', 'CHI', 'CHI', '2447273'),
	(234736, '009547317', 'UNKNOWN', 'chi2447273', 'chi.49298117', 'CHI', 'CHI', '2447273'),
	(1, '002492721', 'UNKNOWN', 'pur215476', 'pur1.32754075735872', 'PUR', 'PUR', '215476'),
	(2, '002492721', 'UNKNOWN', 'pur215476', 'pur1.32754002097537', 'PUR', 'PUR', '215476'),
	(3, '002492721', 'UNKNOWN', 'pur215476', 'pur1.32754002097529', 'PUR', 'PUR', '215476'),
	(4, '011323405', 'UNKNOWN', 'pur864352', 'pur1.32754066154513', 'PUR', 'PUR', '864352'),
	(5, '011323405', 'UNKNOWN', 'pur864352', 'pur1.32754066154505', 'PUR', 'PUR', '864352'),
	(6, '011323406', 'UNKNOWN', 'pur783917', 'pur1.32754064533171', 'PUR', 'PUR', '783917'),
	(7, '011323406', 'UNKNOWN', 'pur783917', 'pur1.32754064866035', 'PUR', 'PUR', '783917'),
	(8, '011323406', 'UNKNOWN', 'pur783917', 'pur1.32754064533163', 'PUR', 'PUR', '783917'),
	(9, '002460565', 'UNKNOWN', 'pur424691', 'pur1.32754004404038', 'PUR', 'PUR', '424691'),
	(10, '002556342', 'UNKNOWN', 'pur674409', 'pur1.32754061503201', 'PUR', 'PUR', '674409'),
	(11, '000902267', 'UNKNOWN', 'pur81042', 'pur1.32754075619464', 'PUR', 'PUR', '81042'),
	(12, '000902267', 'UNKNOWN', 'pur81042', 'pur1.32754075620942', 'PUR', 'PUR', '81042'),
	(13, '003870473', 'UNKNOWN', 'pur1357659', 'pur1.32754077080152', 'PUR', 'PUR', '1357659'),
	(14, '005574659', 'UNKNOWN', 'pur1727398', 'pur1.32754075493928', 'PUR', 'PUR', '1727398'),
	(15, '000637852', 'UNKNOWN', 'pur63733', 'pur1.32754079661710', 'PUR', 'PUR', '63733'),
	(16, '000637852', 'UNKNOWN', 'pur63733', 'pur1.32754079661595', 'PUR', 'PUR', '63733'),
	(17, '000637852', 'UNKNOWN', 'pur63733', 'pur1.32754079661587', 'PUR', 'PUR', '63733'),
	(18, '000637852', 'UNKNOWN', 'pur63733', 'pur1.32754079661579', 'PUR', 'PUR', '63733'),
	(19, '000637852', 'UNKNOWN', 'pur63733', 'pur1.32754079661561', 'PUR', 'PUR', '63733'),
	(20, '000637852', 'UNKNOWN', 'pur63733', 'pur1.32754079661553', 'PUR', 'PUR', '63733'),
	(21, '000637852', 'UNKNOWN', 'pur63733', 'pur1.32754069526683', 'PUR', 'PUR', '63733'),
	(22, '000641789', 'ZEPHIR', 'nrlf.b100608668', 'uc1.c2735219', 'UC', 'NRLF', '.b100608668'),
	(23, '009705694', 'UNKNOWN', 'hvd000003080', 'hvd.hxkm2p', 'HVD', 'HVD', '000003080'),
	(24, '000637852', 'UNKNOWN', 'pur63733', 'pur1.32754069526691', 'PUR', 'PUR', '63733'),
	(25, '009705695', 'UNKNOWN', 'hvd000004558', 'hvd.hxigda', 'HVD', 'HVD', '000004558'),
	(26, '000637852', 'UNKNOWN', 'pur63733', 'pur1.32754068611908', 'PUR', 'PUR', '63733'),
	(27, '009705696', 'UNKNOWN', 'hvd000004617', 'hvd.hnww9p', 'HVD', 'HVD', '000004617'),
	(28, '009705697', 'UNKNOWN', 'hvd000004637', 'hvd.32044051174746', 'HVD', 'HVD', '000004637'),
	(29, '009705698', 'UNKNOWN', 'hvd000011821', 'hvd.hwlhft', 'HVD', 'HVD', '000011821'),
	(30, '000637852', 'UNKNOWN', 'pur63733', 'pur1.32754066515838', 'PUR', 'PUR', '63733'),
	(31, '009705699', 'UNKNOWN', 'hvd000011887', 'hvd.32044088339361', 'HVD', 'HVD', '000011887'),
	(32, '009705700', 'UNKNOWN', 'hvd000011950', 'hvd.hwlhrb', 'HVD', 'HVD', '000011950'),
	(33, '000637852', 'UNKNOWN', 'pur63733', 'pur1.32754063820264', 'PUR', 'PUR', '63733'),
	(34, '009705701', 'UNKNOWN', 'hvd000012192', 'hvd.hwn6sp', 'HVD', 'HVD', '000012192'),
	(35, '009705702', 'UNKNOWN', 'hvd000012195', 'hvd.32044088339403', 'HVD', 'HVD', '000012195'),
	(36, '000637852', 'UNKNOWN', 'pur63733', 'pur1.32754062466317', 'PUR', 'PUR', '63733'),
	(37, '009705703', 'UNKNOWN', 'hvd000012257', 'hvd.hwslyv', 'HVD', 'HVD', '000012257'),
	(38, '009705704', 'UNKNOWN', 'hvd000012735', 'hvd.hw5jdo', 'HVD', 'HVD', '000012735'),
	(39, '009705705', 'UNKNOWN', 'hvd000013295', 'hvd.hw5j3l', 'HVD', 'HVD', '000013295'),
	(40, '002581987', 'UNKNOWN', 'pur1275443', 'pur1.32754076250186', 'PUR', 'PUR', '1275443'),
	(41, '009705706', 'UNKNOWN', 'hvd000015381', 'hvd.hwnlvd', 'HVD', 'HVD', '000015381'),
	(42, '002581987', 'UNKNOWN', 'pur1275443', 'pur1.32754073487682', 'PUR', 'PUR', '1275443'),
	(43, '009705707', 'UNKNOWN', 'hvd000015427', 'hvd.hw5jr7', 'HVD', 'HVD', '000015427'),
	(44, '006782118', 'UNKNOWN', 'pur2442451', 'pur1.32754081306940', 'PUR', 'PUR', '2442451'),
	(45, '009705708', 'UNKNOWN', 'hvd000015718', 'hvd.hwmvn4', 'HVD', 'HVD', '000015718'),
	(46, '006782118', 'UNKNOWN', 'pur2442451', 'pur1.32754081159455', 'PUR', 'PUR', '2442451'),
	(47, '009705709', 'UNKNOWN', 'hvd000015728', 'hvd.hwn6nl', 'HVD', 'HVD', '000015728'),
	(48, '009705710', 'UNKNOWN', 'hvd000016130', 'hvd.hwlhme', 'HVD', 'HVD', '000016130'),
	(49, '011323407', 'UNKNOWN', 'pur2737990', 'pur1.32754081344248', 'PUR', 'PUR', '2737990'),
	(50, '009705711', 'UNKNOWN', 'hvd000016585', 'hvd.hwnlzz', 'HVD', 'HVD', '000016585'),
	(51, '011323407', 'UNKNOWN', 'pur2737990', 'pur1.32754079537852', 'PUR', 'PUR', '2737990'),
	(52, '009705712', 'UNKNOWN', 'hvd000017526', 'hvd.hwnmir', 'HVD', 'HVD', '000017526'),
	(53, '009705713', 'UNKNOWN', 'hvd000018267', 'hvd.hwnlzm', 'HVD', 'HVD', '000018267'),
	(54, '011323408', 'UNKNOWN', 'pur2738012', 'pur1.32754081344438', 'PUR', 'PUR', '2738012'),
	(55, '009705714', 'UNKNOWN', 'hvd000018375', 'hvd.hwnlzd', 'HVD', 'HVD', '000018375'),
	(56, '011323409', 'UNKNOWN', 'pur2738010', 'pur1.32754081344255', 'PUR', 'PUR', '2738010'),
	(57, '009705715', 'UNKNOWN', 'hvd000019409', 'hvd.hwmftv', 'HVD', 'HVD', '000019409'),
	(58, '011323410', 'UNKNOWN', 'pur2738017', 'pur1.32754081344446', 'PUR', 'PUR', '2738017'),
	(59, '009705716', 'UNKNOWN', 'hvd000019411', 'hvd.hwlhax', 'HVD', 'HVD', '000019411'),
	(60, '011323411', 'UNKNOWN', 'pur2738023', 'pur1.32754079537738', 'PUR', 'PUR', '2738023'),
	(61, '009705717', 'UNKNOWN', 'hvd000019611', 'hvd.hw5kr0', 'HVD', 'HVD', '000019611'),
	(62, '011323411', 'UNKNOWN', 'pur2738023', 'pur1.32754079537746', 'PUR', 'PUR', '2738023'),
	(63, '009705718', 'UNKNOWN', 'hvd000020210', 'hvd.hwnlqi', 'HVD', 'HVD', '000020210'),
	(64, '011323411', 'UNKNOWN', 'pur2738023', 'pur1.32754081344453', 'PUR', 'PUR', '2738023'),
	(65, '009705719', 'UNKNOWN', 'hvd000020453', 'hvd.hwsn1j', 'HVD', 'HVD', '000020453'),
	(66, '003847023', 'UNKNOWN', 'nwu182842', 'ien.35558002650097', 'IEN', 'NWU', '182842'),
	(67, '009705720', 'UNKNOWN', 'hvd000020624', 'hvd.hwmdel', 'HVD', 'HVD', '000020624'),
	(68, '006861802', 'UNKNOWN', 'pur2474959', 'pur1.32754081306957', 'PUR', 'PUR', '2474959'),
	(69, '010605089', 'UNKNOWN', 'nwu195035', 'ien.35558003840960', 'IEN', 'NWU', '195035'),
	(70, '009705721', 'UNKNOWN', 'hvd000020711', 'hvd.hwnlz9', 'HVD', 'HVD', '000020711'),
	(71, '003847023', 'UNKNOWN', 'nwu182842', 'ien.35558002650071', 'IEN', 'NWU', '182842'),
	(72, '006861802', 'UNKNOWN', 'pur2474959', 'pur1.32754081184081', 'PUR', 'PUR', '2474959'),
	(73, '009705722', 'UNKNOWN', 'hvd000021761', 'hvd.hwnm4x', 'HVD', 'HVD', '000021761'),
	(74, '003847023', 'UNKNOWN', 'nwu182842', 'ien.35558002650089', 'IEN', 'NWU', '182842'),
	(75, '009705723', 'UNKNOWN', 'hvd000021971', 'hvd.hwnmi2', 'HVD', 'HVD', '000021971'),
	(76, '002056632', 'UNKNOWN', 'pur773229', 'pur1.32754069510083', 'PUR', 'PUR', '773229'),
	(77, '003847023', 'UNKNOWN', 'nwu182842', 'ien.35558002650345', 'IEN', 'NWU', '182842'),
	(78, '009705724', 'UNKNOWN', 'hvd000022178', 'hvd.hwnlxh', 'HVD', 'HVD', '000022178'),
	(79, '003847023', 'UNKNOWN', 'nwu182842', 'ien.35558002650337', 'IEN', 'NWU', '182842'),
	(80, '009705725', 'UNKNOWN', 'hvd000022361', 'hvd.hwn6ts', 'HVD', 'HVD', '000022361'),
	(81, '002056632', 'UNKNOWN', 'pur773229', 'pur1.32754069510075', 'PUR', 'PUR', '773229'),
	(82, '003847023', 'UNKNOWN', 'nwu182842', 'ien.35558002650329', 'IEN', 'NWU', '182842'),
	(83, '009705726', 'UNKNOWN', 'hvd000024363', 'hvd.hwnmq8', 'HVD', 'HVD', '000024363'),
	(84, '003847023', 'UNKNOWN', 'nwu182842', 'ien.35558002650543', 'IEN', 'NWU', '182842'),
	(85, '005238989', 'UNKNOWN', 'pur1387513', 'pur1.32754075437842', 'PUR', 'PUR', '1387513'),
	(86, '009705727', 'UNKNOWN', 'hvd000025148', 'hvd.hwlhnn', 'HVD', 'HVD', '000025148'),
	(87, '003847023', 'UNKNOWN', 'nwu182842', 'ien.35558002650311', 'IEN', 'NWU', '182842'),
	(88, '009705728', 'UNKNOWN', 'hvd000025164', 'hvd.hwnlwz', 'HVD', 'HVD', '000025164'),
	(89, '002704454', 'UNKNOWN', 'pur628390', 'pur1.32754063679017', 'PUR', 'PUR', '628390'),
	(90, '009705729', 'UNKNOWN', 'hvd000025476', 'hvd.hwlhaw', 'HVD', 'HVD', '000025476'),
	(91, '003847023', 'UNKNOWN', 'nwu182842', 'ien.35558002650303', 'IEN', 'NWU', '182842'),
	(92, '002704454', 'UNKNOWN', 'pur628390', 'pur1.32754062226356', 'PUR', 'PUR', '628390'),
	(93, '009705730', 'UNKNOWN', 'hvd000025576', 'hvd.hx3a2h', 'HVD', 'HVD', '000025576'),
	(94, '003847023', 'UNKNOWN', 'nwu182842', 'ien.35558002650295', 'IEN', 'NWU', '182842'),
	(95, '003004064', 'UNKNOWN', 'pur858337', 'pur1.32754066154034', 'PUR', 'PUR', '858337'),
	(96, '009705731', 'UNKNOWN', 'hvd000025589', 'hvd.hw5k9o', 'HVD', 'HVD', '000025589'),
	(97, '003847023', 'UNKNOWN', 'nwu182842', 'ien.35558002650352', 'IEN', 'NWU', '182842'),
	(98, '009705732', 'UNKNOWN', 'hvd000026388', 'hvd.hw5lqd', 'HVD', 'HVD', '000026388'),
	(99, '003520065', 'UNKNOWN', 'pur1135650', 'pur1.32754070169978', 'PUR', 'PUR', '1135650'),
	(10000, '009706781', 'UNKNOWN', 'hvd002267323', 'hvd.ah5i33', 'HVD', 'HVD', '002267323'),
	(10001, '000524931', 'UNKNOWN', 'pur41740', 'pur1.32754080862539', 'PUR', 'PUR', '41740'),
	(10002, '009342087', 'UNKNOWN', 'ucm.b19582894', 'ucm.5320778460', 'UCM', 'UCM', 'b19582894'),
	(10003, '005707050', 'UNKNOWN', 'wu60063', 'wu.89042047100', 'WU', 'WU', '60063'),
	(10004, '001492858', 'III - MILLENIUM', 'ucsd.b13423617', 'uc1.31822014123178', 'UC', 'UCSD', '.b13423617'),
	(10005, '000575899', 'III - MILLENIUM', 'ucsc.b1014318x', 'uc1.32106006944588', 'UC', 'UCSC', '.b1014318x'),
	(10006, '008584666', 'UNKNOWN', 'nyp.b115923573', 'nyp.33433081793154', 'NYP', 'NYP', '.b115923573'),
	(10007, '009342316', 'UNKNOWN', 'ucm.b21162748', 'ucm.532077847x', 'UCM', 'UCM', 'b21162748'),
	(10008, '006496029', 'III - MILLENIUM', 'ia-nrlf.b12199496x', 'uc2.ark:/13960/t3bz63s63', 'UC', 'INRLF', '.b12199496x'),
	(10009, '009706782', 'UNKNOWN', 'hvd002267471', 'hvd.ah6rgy', 'HVD', 'HVD', '002267471'),
	(10010, '003910026', 'UNKNOWN', 'umn000092307', 'umn.31951d00673987q', 'UMN', 'UMN', '000092307'),
	(10011, '008584667', 'UNKNOWN', 'nyp.b115923822', 'nyp.33433004736306', 'NYP', 'NYP', '.b115923822'),
	(10012, '001488240', 'III - MILLENIUM', 'ucsd.b13423952', 'uc1.31822014122626', 'UC', 'UCSD', '.b13423952'),
	(10013, '009342316', 'UNKNOWN', 'ucm.b21162748', 'ucm.5320778489', 'UCM', 'UCM', 'b21162748'),
	(10014, '009706783', 'UNKNOWN', 'hvd002267495', 'hvd.32044023278807', 'HVD', 'HVD', '002267495'),
	(10015, '000678100', 'UNKNOWN', 'nwu177453', 'ien.35558002256945', 'IEN', 'NWU', '177453'),
	(10016, '003152855', 'UNKNOWN', 'wu60126', 'wu.89066339896', 'WU', 'WU', '60126'),
	(10017, '008440619', 'III - MILLENIUM', 'ia-nrlf.b150558648', 'uc2.ark:/13960/t9q23xm77', 'UC', 'INRLF', '.b150558648'),
	(10018, '000524931', 'UNKNOWN', 'pur41740', 'pur1.32754080862521', 'PUR', 'PUR', '41740'),
	(10019, '008584668', 'UNKNOWN', 'nyp.b115925028', 'nyp.33433013518067', 'NYP', 'NYP', '.b115925028'),
	(10020, '007103323', 'III - MILLENIUM', 'ucsc.b1014349x', 'uc1.32106009075984', 'UC', 'UCSC', '.b1014349x'),
	(10021, '009342244', 'UNKNOWN', 'ucm.b21161409', 'ucm.5320778498', 'UCM', 'UCM', 'b21161409'),
	(10022, '009706784', 'UNKNOWN', 'hvd002267501', 'hvd.ah55i1', 'HVD', 'HVD', '002267501'),
	(10023, '001273462', 'III - MILLENIUM', 'ucsd.b13423976', 'uc1.31822014122618', 'UC', 'UCSD', '.b13423976'),
	(10024, '008584669', 'UNKNOWN', 'nyp.b115932288', 'nyp.33433081136446', 'NYP', 'NYP', '.b115932288'),
	(10025, '000678100', 'UNKNOWN', 'nwu177453', 'ien.35558002256986', 'IEN', 'NWU', '177453'),
	(10026, '006516322', 'III - MILLENIUM', 'ia-nrlf.b124642020', 'uc2.ark:/13960/t46q1tt6z', 'UC', 'INRLF', '.b124642020'),
	(10027, '001483738', 'UNKNOWN', 'wu60151', 'wu.89033911223', 'WU', 'WU', '60151'),
	(10028, '003910026', 'UNKNOWN', 'umn000092307', 'umn.31951d00673988o', 'UMN', 'UMN', '000092307'),
	(10029, '009342279', 'UNKNOWN', 'ucm.b21161896', 'ucm.5320778513', 'UCM', 'UCM', 'b21161896'),
	(10030, '009706785', 'UNKNOWN', 'hvd002267519', 'hvd.ah57m2', 'HVD', 'HVD', '002267519'),
	(10031, '000612563', 'III - MILLENIUM', 'ucsc.b10143543', 'uc1.32106006936576', 'UC', 'UCSC', '.b10143543'),
	(10032, '009341798', 'UNKNOWN', 'ucm.b21162803', 'ucm.5320778522', 'UCM', 'UCM', 'b21162803'),
	(10033, '006799052', 'III - MILLENIUM', 'ia-nrlf.b148069459', 'uc2.ark:/13960/t7qn64d41', 'UC', 'INRLF', '.b148069459'),
	(10034, '000524931', 'UNKNOWN', 'pur41740', 'pur1.32754080862513', 'PUR', 'PUR', '41740'),
	(10035, '008584670', 'UNKNOWN', 'nyp.b115940297', 'nyp.33433081793303', 'NYP', 'NYP', '.b115940297'),
	(10036, '005707051', 'UNKNOWN', 'wu60195', 'wu.89044403061', 'WU', 'WU', '60195'),
	(10037, '001488375', 'III - MILLENIUM', 'ucsd.b13424026', 'uc1.31822014122568', 'UC', 'UCSD', '.b13424026'),
	(10038, '009706786', 'UNKNOWN', 'hvd002267633', 'hvd.ah55nv', 'HVD', 'HVD', '002267633'),
	(10039, '009342311', 'UNKNOWN', 'ucm.b21162633', 'ucm.532077855x', 'UCM', 'UCM', 'b21162633'),
	(10040, '000678100', 'UNKNOWN', 'nwu177453', 'ien.35558002257497', 'IEN', 'NWU', '177453'),
	(10041, '007103324', 'III - MILLENIUM', 'ucsc.b1014366x', 'uc1.32106012309057', 'UC', 'UCSC', '.b1014366x'),
	(10042, '008584671', 'UNKNOWN', 'nyp.b115947127', 'nyp.33433069353070', 'NYP', 'NYP', '.b115947127'),
	(10043, '009706787', 'UNKNOWN', 'hvd002267824', 'hvd.ah55up', 'HVD', 'HVD', '002267824'),
	(10044, '001396714', 'III - MILLENIUM', 'ucsd.b13424506', 'uc1.31822014121867', 'UC', 'UCSD', '.b13424506'),
	(10045, '003910026', 'UNKNOWN', 'umn000092307', 'umn.31951d00673989m', 'UMN', 'UMN', '000092307'),
	(10046, '009342115', 'UNKNOWN', 'ucm.b19932613', 'ucm.5320778569', 'UCM', 'UCM', 'b19932613'),
	(10047, '006578323', 'III - MILLENIUM', 'ia-nrlf.b103678013', 'uc2.ark:/13960/fk2n58cq9x', 'UC', 'INRLF', '.b103678013'),
	(10048, '005707052', 'UNKNOWN', 'wu60249', 'wu.89069624799', 'WU', 'WU', '60249'),
	(10049, '008584672', 'UNKNOWN', 'nyp.b115947188', 'nyp.33433074951256', 'NYP', 'NYP', '.b115947188'),
	(10050, '000524931', 'UNKNOWN', 'pur41740', 'pur1.32754080862505', 'PUR', 'PUR', '41740'),
	(10051, '009706788', 'UNKNOWN', 'hvd002268007', 'hvd.ah4481', 'HVD', 'HVD', '002268007'),
	(10052, '007103325', 'III - MILLENIUM', 'ucsc.b10143749', 'uc1.32106006942301', 'UC', 'UCSC', '.b10143749'),
	(10053, '009343134', 'UNKNOWN', 'ucm.b21893949', 'ucm.5320778578', 'UCM', 'UCM', 'b21893949'),
	(10054, '008584673', 'UNKNOWN', 'nyp.b115947942', 'nyp.33433082479472', 'NYP', 'NYP', '.b115947942'),
	(10055, '001491438', 'III - MILLENIUM', 'ucsd.b13424567', 'uc1.31822009500844', 'UC', 'UCSD', '.b13424567'),
	(10056, '000678100', 'UNKNOWN', 'nwu177453', 'ien.35558002257489', 'IEN', 'NWU', '177453'),
	(10057, '000407553', 'III - MILLENIUM', 'ia-nrlf.b121067506', 'uc2.ark:/13960/fk21c1tn1t', 'UC', 'INRLF', '.b121067506'),
	(10058, '009343135', 'UNKNOWN', 'ucm.b21894048', 'ucm.5320778587', 'UCM', 'UCM', 'b21894048'),
	(10059, '009706789', 'UNKNOWN', 'hvd002268056', 'hvd.ah5m5u', 'HVD', 'HVD', '002268056'),
	(10060, '005707053', 'UNKNOWN', 'wu60309', 'wu.89062855085', 'WU', 'WU', '60309'),
	(10061, '000348134', 'III - MILLENIUM', 'ucsc.b10143816', 'uc1.32106006942632', 'UC', 'UCSC', '.b10143816'),
	(10062, '008584674', 'UNKNOWN', 'nyp.b115951350', 'nyp.33433074951330', 'NYP', 'NYP', '.b115951350'),
	(10063, '006569308', 'III - MILLENIUM', 'ia-nrlf.b131558110', 'uc2.ark:/13960/t2c826d1m', 'UC', 'INRLF', '.b131558110'),
	(10064, '000524931', 'UNKNOWN', 'pur41740', 'pur1.32754080862273', 'PUR', 'PUR', '41740'),
	(10065, '009342317', 'UNKNOWN', 'ucm.b21162815', 'ucm.5320778596', 'UCM', 'UCM', 'b21162815'),
	(10066, '001492694', 'III - MILLENIUM', 'ucsd.b13424725', 'uc1.31822014121552', 'UC', 'UCSD', '.b13424725'),
	(10067, '009706790', 'UNKNOWN', 'hvd002268151', 'hvd.ah5meg', 'HVD', 'HVD', '002268151'),
	(10068, '003910026', 'UNKNOWN', 'umn000092307', 'umn.31951d006739901', 'UMN', 'UMN', '000092307'),
	(10069, '003152856', 'UNKNOWN', 'wu60373', 'wu.89062844832', 'WU', 'WU', '60373'),
	(10070, '000678100', 'UNKNOWN', 'nwu177453', 'ien.35558002257240', 'IEN', 'NWU', '177453'),
	(10071, '009342319', 'UNKNOWN', 'ucm.b21162876', 'ucm.532077863x', 'UCM', 'UCM', 'b21162876'),
	(10072, '008584675', 'UNKNOWN', 'nyp.b115953942', 'nyp.33433008001715', 'NYP', 'NYP', '.b115953942'),
	(10073, '009706791', 'UNKNOWN', 'hvd002268179', 'hvd.ah539t', 'HVD', 'HVD', '002268179'),
	(10074, '001423887', 'III - MILLENIUM', 'ia-nrlf.b104995397', 'uc2.ark:/13960/t0ht2gt5f', 'UC', 'INRLF', '.b104995397'),
	(10075, '001493301', 'III - MILLENIUM', 'ucsd.b13425122', 'uc1.31822014120976', 'UC', 'UCSD', '.b13425122'),
	(10076, '007103326', 'III - MILLENIUM', 'ucsc.b10144201', 'uc1.32106006941402', 'UC', 'UCSC', '.b10144201'),
	(10077, '009342079', 'UNKNOWN', 'ucm.b19581257', 'ucm.5320778649', 'UCM', 'UCM', 'b19581257'),
	(10078, '008584676', 'UNKNOWN', 'nyp.b115954260', 'nyp.33433068286016', 'NYP', 'NYP', '.b115954260'),
	(10079, '000524931', 'UNKNOWN', 'pur41740', 'pur1.32754080862380', 'PUR', 'PUR', '41740'),
	(10080, '005707054', 'UNKNOWN', 'wu60551', 'wu.89038493391', 'WU', 'WU', '60551'),
	(10081, '006536693', 'III - MILLENIUM', 'ia-nrlf.b124878970', 'uc2.ark:/13960/t14m94v4q', 'UC', 'INRLF', '.b124878970'),
	(10082, '009706792', 'UNKNOWN', 'hvd002268208', 'hvd.ah5lsw', 'HVD', 'HVD', '002268208'),
	(10083, '009336727', 'UNKNOWN', 'ucm.b21894449', 'ucm.5320778658', 'UCM', 'UCM', 'b21894449'),
	(10084, '000678100', 'UNKNOWN', 'nwu177453', 'ien.35558002257232', 'IEN', 'NWU', '177453'),
	(10085, '007103327', 'III - MILLENIUM', 'ucsc.b10144225', 'uc1.32106006941386', 'UC', 'UCSC', '.b10144225'),
	(10086, '003910026', 'UNKNOWN', 'umn000092307', 'umn.31951d00673991z', 'UMN', 'UMN', '000092307'),
	(10087, '009706793', 'UNKNOWN', 'hvd002268298', 'hvd.32044020695870', 'HVD', 'HVD', '002268298'),
	(10088, '008584677', 'UNKNOWN', 'nyp.b115954521', 'nyp.33433081894929', 'NYP', 'NYP', '.b115954521'),
	(10089, '001488394', 'III - MILLENIUM', 'ucsd.b13425286', 'uc1.31822014120760', 'UC', 'UCSD', '.b13425286'),
	(10090, '006596899', 'III - MILLENIUM', 'ia-nrlf.b13133542x', 'uc2.ark:/13960/fk0gt5ff7j', 'UC', 'INRLF', '.b13133542x'),
	(10091, '009336711', 'UNKNOWN', 'ucm.b21162943', 'ucm.5320778667', 'UCM', 'UCM', 'b21162943'),
	(10092, '005707054', 'UNKNOWN', 'wu60551', 'wu.89038493417', 'WU', 'WU', '60551'),
	(10093, '009706794', 'UNKNOWN', 'hvd002268375', 'hvd.ah5bhe', 'HVD', 'HVD', '002268375'),
	(10094, '008584678', 'UNKNOWN', 'nyp.b115956694', 'nyp.33433081793311', 'NYP', 'NYP', '.b115956694'),
	(10095, '009317301', 'UNKNOWN', 'ucm.b21162955', 'ucm.5320778676', 'UCM', 'UCM', 'b21162955'),
	(10096, '000524931', 'UNKNOWN', 'pur41740', 'pur1.32754080862497', 'PUR', 'PUR', '41740'),
	(10097, '000678100', 'UNKNOWN', 'nwu177453', 'ien.35558002257224', 'IEN', 'NWU', '177453'),
	(10098, '000312534', 'III - MILLENIUM', 'ucsc.b10144584', 'uc1.32106011517544', 'UC', 'UCSC', '.b10144584'),
	(10099, '001113553', 'III - MILLENIUM', 'ucsd.b13425304', 'uc1.31822014120737', 'UC', 'UCSD', '.b13425304'),
	(10100, '006502093', 'III - MILLENIUM', 'ia-nrlf.b124735526', 'uc2.ark:/13960/t8sb40w8m', 'UC', 'INRLF', '.b124735526'),
	(100000, '005713333', 'UNKNOWN', 'wu916973', 'wu.89066043969', 'WU', 'WU', '916973'),
	(100001, '003916860', 'UNKNOWN', 'umn000358026', 'umn.31951000665785k', 'UMN', 'UMN', '000358026'),
	(100002, '006056956', 'UNKNOWN', 'uva.u1065586', 'uva.x000027534', 'UVA', 'UVA', 'u1065586'),
	(100003, '010031331', 'III - MILLENIUM', 'nrlf.b164191136', 'uc1.b3116844', 'UC', 'NRLF', '.b164191136'),
	(100004, '007158755', 'III - MILLENIUM', 'ucsd.b16450103', 'uc1.31822011312196', 'UC', 'UCSD', '.b16450103'),
	(100005, '011392026', 'UNKNOWN', 'uiuc972341', 'uiug.30112018998788', 'UIU', 'UIUC', '972341'),
	(100006, '005713334', 'UNKNOWN', 'wu916981', 'wu.89062355961', 'WU', 'WU', '916981'),
	(100007, '006738469', 'UNKNOWN', 'pur2677046', 'pur1.32754081262044', 'PUR', 'PUR', '2677046'),
	(100008, '007107273', 'III - MILLENIUM', 'ucsc.b11299538', 'uc1.32106008387588', 'UC', 'UCSC', '.b11299538'),
	(100009, '011372202', 'UNKNOWN', 'mdl.mhs10155', 'mdl.reflections.mhs10155', 'MDL', 'MDL', 'mhs10155'),
	(100011, '010031332', 'III - MILLENIUM', 'nrlf.b163607187', 'uc1.b3116848', 'UC', 'NRLF', '.b163607187'),
	(100012, '004164580', 'UNKNOWN', 'uva.u1065587', 'uva.x000027582', 'UVA', 'UVA', 'u1065587'),
	(100013, '001505376', 'UNKNOWN', 'nyp.b130399978', 'nyp.33433010842494', 'NYP', 'NYP', '.b130399978'),
	(100014, '010608540', 'UNKNOWN', 'nwu2632340', 'ien.35556029542065', 'IEN', 'NWU', '2632340'),
	(100015, '007107274', 'III - MILLENIUM', 'ucsc.b11299691', 'uc1.32106008721349', 'UC', 'UCSC', '.b11299691'),
	(100016, '011372203', 'UNKNOWN', 'mdl.mhs10156', 'mdl.reflections.mhs10156', 'MDL', 'MDL', 'mhs10156'),
	(100017, '007158756', 'III - MILLENIUM', 'ucsd.b16450590', 'uc1.31822002387470', 'UC', 'UCSD', '.b16450590'),
	(100018, '010031333', 'III - MILLENIUM', 'nrlf.b163405785', 'uc1.b3116853', 'UC', 'NRLF', '.b163405785'),
	(100019, '010611450', 'UNKNOWN', 'uiuc972343', 'uiug.30112018999182', 'UIU', 'UIUC', '972343'),
	(100020, '005713335', 'UNKNOWN', 'wu916983', 'wu.89061955167', 'WU', 'WU', '916983'),
	(100021, '007114602', 'UNKNOWN', 'pur440552', 'pur1.32754080192846', 'PUR', 'PUR', '440552'),
	(100022, '007158756', 'III - MILLENIUM', 'ucsd.b16450590', 'uc1.31822002387488', 'UC', 'UCSD', '.b16450590'),
	(100023, '000246197', 'III - MILLENIUM', 'ia-nrlf.b131529626', 'uc2.ark:/13960/t3vt1k34b', 'UC', 'INRLF', '.b131529626'),
	(100024, '008589013', 'UNKNOWN', 'nyp.b130415406', 'nyp.33433000209159', 'NYP', 'NYP', '.b130415406'),
	(100025, '010608540', 'UNKNOWN', 'nwu2632340', 'ien.35556029542073', 'IEN', 'NWU', '2632340'),
	(100026, '011392027', 'UNKNOWN', 'uiuc972346', 'uiug.30112018999166', 'UIU', 'UIUC', '972346'),
	(100027, '011372204', 'UNKNOWN', 'mdl.mhs10157', 'mdl.reflections.mhs10157', 'MDL', 'MDL', 'mhs10157'),
	(100028, '010031334', 'III - MILLENIUM', 'nrlf.b163626583', 'uc1.b3117809', 'UC', 'NRLF', '.b163626583'),
	(100029, '003916860', 'UNKNOWN', 'umn000358026', 'umn.31951000665786i', 'UMN', 'UMN', '000358026'),
	(100030, '007107275', 'III - MILLENIUM', 'ucsc.b11300139', 'uc1.32106010372834', 'UC', 'UCSC', '.b11300139'),
	(100031, '009775239', 'UNKNOWN', 'uva.u1065589', 'uva.x000027588', 'UVA', 'UVA', 'u1065589'),
	(100032, '010608542', 'UNKNOWN', 'nwu2699312', 'ien.35556029356193', 'IEN', 'NWU', '2699312'),
	(100033, '007158756', 'III - MILLENIUM', 'ucsd.b16450590', 'uc1.31822002387496', 'UC', 'UCSD', '.b16450590'),
	(100034, '000609083', 'UNKNOWN', 'wu917348', 'wu.89011869492', 'WU', 'WU', '917348'),
	(100035, '010031335', 'III - MILLENIUM', 'nrlf.b164227684', 'uc1.b3117810', 'UC', 'NRLF', '.b164227684'),
	(100036, '011372205', 'UNKNOWN', 'mdl.mhs10158', 'mdl.reflections.mhs10158', 'MDL', 'MDL', 'mhs10158'),
	(100037, '011325135', 'UNKNOWN', 'pur158715', 'pur1.32754081257093', 'PUR', 'PUR', '158715'),
	(100038, '008589013', 'UNKNOWN', 'nyp.b130415406', 'nyp.33433000209167', 'NYP', 'NYP', '.b130415406'),
	(100039, '001486281', 'III - MILLENIUM', 'ia-nrlf.b149618025', 'uc2.ark:/13960/t5p845c33', 'UC', 'INRLF', '.b149618025'),
	(100040, '006953513', 'III - MILLENIUM', 'ucsd.b16451090', 'uc1.31822003174166', 'UC', 'UCSD', '.b16451090'),
	(100041, '011392028', 'UNKNOWN', 'uiuc972348', 'uiug.30112018999174', 'UIU', 'UIUC', '972348'),
	(100042, '009775239', 'UNKNOWN', 'uva.u1065589', 'uva.x000027587', 'UVA', 'UVA', 'u1065589'),
	(100043, '010031336', 'III - MILLENIUM', 'nrlf.b164161028', 'uc1.b3117832', 'UC', 'NRLF', '.b164161028'),
	(100044, '005889656', 'UNKNOWN', 'nwu2625469', 'ien.35556021128814', 'IEN', 'NWU', '2625469'),
	(100045, '011372206', 'UNKNOWN', 'mdl.mhs10159', 'mdl.reflections.mhs10159', 'MDL', 'MDL', 'mhs10159'),
	(100046, '007107276', 'III - MILLENIUM', 'ucsc.b11300309', 'uc1.32106008387778', 'UC', 'UCSC', '.b11300309'),
	(100047, '001597588', 'UNKNOWN', 'nyp.b130415431', 'nyp.33433000209183', 'NYP', 'NYP', '.b130415431'),
	(100048, '001120469', 'UNKNOWN', 'pur2668829', 'pur1.32754081257119', 'PUR', 'PUR', '2668829'),
	(100049, '005713336', 'UNKNOWN', 'wu917668', 'wu.89031213242', 'WU', 'WU', '917668'),
	(100050, '010031337', 'III - MILLENIUM', 'nrlf.b16456097x', 'uc1.b3117852', 'UC', 'NRLF', '.b16456097x'),
	(100051, '011392029', 'UNKNOWN', 'uiuc972353', 'uiug.30112018999208', 'UIU', 'UIUC', '972353'),
	(100052, '011372207', 'UNKNOWN', 'mdl.mhs10160', 'mdl.reflections.mhs10160', 'MDL', 'MDL', 'mhs10160'),
	(100053, '003916860', 'UNKNOWN', 'umn000358026', 'umn.31951000665787g', 'UMN', 'UMN', '000358026'),
	(100054, '009775240', 'UNKNOWN', 'uva.u1065591', 'uva.x000027635', 'UVA', 'UVA', 'u1065591'),
	(100055, '006515824', 'III - MILLENIUM', 'ia-nrlf.b120604346', 'uc2.ark:/13960/t7hq3w43r', 'UC', 'INRLF', '.b120604346'),
	(100056, '001077954', 'III - MILLENIUM', 'ucsc.b11300954', 'uc1.32106008777374', 'UC', 'UCSC', '.b11300954'),
	(100057, '008589014', 'UNKNOWN', 'nyp.b130415546', 'nyp.33433000172878', 'NYP', 'NYP', '.b130415546'),
	(100058, '007158757', 'III - MILLENIUM', 'ucsd.b16451326', 'uc1.31822011311347', 'UC', 'UCSD', '.b16451326'),
	(100059, '010031338', 'III - MILLENIUM', 'nrlf.b163441157', 'uc1.b3117853', 'UC', 'NRLF', '.b163441157'),
	(100060, '005713337', 'UNKNOWN', 'wu918551', 'wu.89043242767', 'WU', 'WU', '918551'),
	(100061, '010608543', 'UNKNOWN', 'nwu2627870', 'ien.35556029356177', 'IEN', 'NWU', '2627870'),
	(100062, '011372208', 'UNKNOWN', 'mdl.mhs10161', 'mdl.reflections.mhs10161', 'MDL', 'MDL', 'mhs10161'),
	(100063, '001063531', 'III - MILLENIUM', 'ia-nrlf.b121311739', 'uc2.ark:/13960/t6n012753', 'UC', 'INRLF', '.b121311739'),
	(100064, '008589015', 'UNKNOWN', 'nyp.b130415741', 'nyp.33433000056402', 'NYP', 'NYP', '.b130415741'),
	(100065, '011392030', 'UNKNOWN', 'uiuc972357', 'uiug.30112018999216', 'UIU', 'UIUC', '972357'),
	(100066, '005713337', 'UNKNOWN', 'wu918551', 'wu.89043242833', 'WU', 'WU', '918551'),
	(100067, '010031339', 'III - MILLENIUM', 'nrlf.b163439990', 'uc1.b3117854', 'UC', 'NRLF', '.b163439990'),
	(100068, '011372209', 'UNKNOWN', 'mdl.mhs10162', 'mdl.reflections.mhs10162', 'MDL', 'MDL', 'mhs10162'),
	(100069, '009775240', 'UNKNOWN', 'uva.u1065591', 'uva.x000027636', 'UVA', 'UVA', 'u1065591'),
	(100070, '007107277', 'III - MILLENIUM', 'ucsc.b11300991', 'uc1.32106016916378', 'UC', 'UCSC', '.b11300991'),
	(100071, '000025463', 'UNKNOWN', 'pur2671999', 'pur1.32754081230728', 'PUR', 'PUR', '2671999'),
	(100072, '007158758', 'III - MILLENIUM', 'ucsd.b16452550', 'uc1.31822011310562', 'UC', 'UCSD', '.b16452550'),
	(100073, '010031340', 'III - MILLENIUM', 'nrlf.b163440268', 'uc1.b3117867', 'UC', 'NRLF', '.b163440268'),
	(100074, '001473272', 'UNKNOWN', 'nyp.b130415765', 'nyp.33433000056428', 'NYP', 'NYP', '.b130415765'),
	(100075, '002470799', 'UNKNOWN', 'nwu2612018', 'ien.35556021016191', 'IEN', 'NWU', '2612018'),
	(100076, '005713337', 'UNKNOWN', 'wu918551', 'wu.89043242858', 'WU', 'WU', '918551'),
	(100077, '003916860', 'UNKNOWN', 'umn000358026', 'umn.31951000665788e', 'UMN', 'UMN', '000358026'),
	(100078, '006497344', 'III - MILLENIUM', 'ia-nrlf.b12060484x', 'uc2.ark:/13960/t6b27sh42', 'UC', 'INRLF', '.b12060484x'),
	(100079, '011392031', 'UNKNOWN', 'uiuc972362', 'uiug.30112018999224', 'UIU', 'UIUC', '972362'),
	(100080, '009775240', 'UNKNOWN', 'uva.u1065591', 'uva.x000027637', 'UVA', 'UVA', 'u1065591'),
	(100081, '011372210', 'UNKNOWN', 'mdl.mhs10163', 'mdl.reflections.mhs10163', 'MDL', 'MDL', 'mhs10163'),
	(100082, '007107278', 'III - MILLENIUM', 'ucsc.b11301119', 'uc1.32106010312491', 'UC', 'UCSC', '.b11301119'),
	(100083, '001416383', 'III - MILLENIUM', 'ucsd.b16452768', 'uc1.31822011310406', 'UC', 'UCSD', '.b16452768'),
	(100084, '005713337', 'UNKNOWN', 'wu918551', 'wu.89043242874', 'WU', 'WU', '918551'),
	(100085, '010031341', 'III - MILLENIUM', 'nrlf.b163708150', 'uc1.b3117868', 'UC', 'NRLF', '.b163708150'),
	(100086, '001473272', 'UNKNOWN', 'nyp.b130415765', 'nyp.33433000056477', 'NYP', 'NYP', '.b130415765'),
	(100087, '000771157', 'UNKNOWN', 'pur423208', 'pur1.32754079914747', 'PUR', 'PUR', '423208'),
	(100088, '011372211', 'UNKNOWN', 'mdl.mhs10164', 'mdl.reflections.mhs10164', 'MDL', 'MDL', 'mhs10164'),
	(100089, '007107279', 'III - MILLENIUM', 'ucsc.b11301247', 'uc1.32106010902283', 'UC', 'UCSC', '.b11301247'),
	(100090, '010031342', 'III - MILLENIUM', 'nrlf.b163440396', 'uc1.b3117869', 'UC', 'NRLF', '.b163440396'),
	(100091, '011392032', 'UNKNOWN', 'uiuc972366', 'uiug.30112018998804', 'UIU', 'UIUC', '972366'),
	(100092, '010608544', 'UNKNOWN', 'nwu2644643', 'ien.35556021299789', 'IEN', 'NWU', '2644643'),
	(100093, '010031343', 'III - MILLENIUM', 'nrlf.b163440402', 'uc1.b3117870', 'UC', 'NRLF', '.b163440402'),
	(100094, '005713338', 'UNKNOWN', 'wu918826', 'wu.89047740162', 'WU', 'WU', '918826'),
	(100095, '006564020', 'III - MILLENIUM', 'ia-nrlf.b131473803', 'uc2.ark:/13960/t1jh3f035', 'UC', 'INRLF', '.b131473803'),
	(100096, '001267689', 'UNKNOWN', 'nyp.b130415960', 'nyp.33433000056568', 'NYP', 'NYP', '.b130415960'),
	(100097, '009775240', 'UNKNOWN', 'uva.u1065591', 'uva.x000027638', 'UVA', 'UVA', 'u1065591'),
	(100098, '011372212', 'UNKNOWN', 'mdl.mhs10165', 'mdl.reflections.mhs10165', 'MDL', 'MDL', 'mhs10165'),
	(100099, '000524529', 'III - MILLENIUM', 'ucsd.b1645327x', 'uc1.31822011309952', 'UC', 'UCSD', '.b1645327x'),
	(100100, '002044872', 'III - MILLENIUM', 'ucsc.b11301399', 'uc1.32106008698265', 'UC', 'UCSC', '.b11301399');


INSERT INTO `zephir_records` (`autoid`, `cid`, `contribsys`, `contribsys_id`, `id`, `source`, `source_collection`, `source_record_number`)
VALUES
	(120149, '000000446', 'EX LIBRIS - ALEPH', 'miu000000446', 'mdp.39015007009171', 'MIU', 'MIU', '000000446' ),
	(144671, '000002076', 'EX LIBRIS - ALEPH', 'miu000002076', 'mdp.39015008144340', 'MIU', 'MIU', '000002076' );

INSERT INTO `zephir_records` (`autoid`, `cid`, `contribsys`, `contribsys_id`, `id`, `source`, `source_collection`, `source_record_number`)
VALUES
	(505505, '000000280', 'LOCAL - GLADIS', 'nrlfGLAD100908680-B', 'uc1.b4051182', 'UC', 'NRLF', 'GLAD100908680-B');

INSERT INTO `zephir_identifier_records` (`record_autoid`, `identifier_autoid`)
VALUES
	(505505, 1040455),
	(505505, 1040456),
	(505505, 1040457),
	(505505, 1040458),
	(505505, 1040459),
	(505505, 1040460),
	(505505, 1040461);

INSERT INTO `zephir_identifiers` (`autoid`, `type`, `identifier`)
VALUES
	(1040455, 'lccn', '70930066'),
	(1040456, 'oclc', '217211158'),
	(1040457, 'oclc', '25909'),
	(1040458, 'contrib_sys_id', 'nrlfGLAD100908680-B'),
	(1040459, 'cid', '000000280'),
	(1040460, 'lc_call_number', 'BP170'),
	(1040461, 'dewey_call_number', '297/.292');

INSERT INTO `zephir_records` (`autoid`, `cid`, `contribsys`, `contribsys_id`, `id`, `source`, `source_collection`, `source_record_number`)
VALUES
	(114679, '000000009', 'EX LIBRIS - ALEPH', 'miu000000009', 'mdp.39015015207742', 'MIU', 'MIU', '000000009'),
	(505506, '000000009', 'LOCAL - GLADIS', 'nrlfGLAD151160146-B', 'uc1.b4174938', 'UC', 'NRLF', 'GLAD151160146-B');

INSERT INTO `zephir_identifier_records` (`record_autoid`, `identifier_autoid`)
VALUES
	(114679, 13122),
	(114679, 321779),
	(114679, 321780),
	(114679, 321781),
	(114679, 321782),
	(114679, 321783),
	(505506, 321779),
	(505506, 321780),
	(505506, 321782),
	(505506, 321783),
	(505506, 1040462),
	(505506, 1040463),
	(505506, 1040464);

INSERT INTO `zephir_identifiers` (`autoid`, `type`, `identifier`)
VALUES
	(13122, 'lc_call_number', 'LAW'),
	(321779, 'lccn', '67026627'),
	(321780, 'oclc', '252'),
	(321781, 'contrib_sys_id', 'miu000000009'),
	(321782, 'cid', '000000009'),
	(321783, 'dewey_call_number', '340/.096'),
	(1040462, 'oclc', '217097625'),
	(1040463, 'contrib_sys_id', 'nrlfGLAD151160146-B'),
	(1040464, 'lc_call_number', 'KQC79');

INSERT INTO `zephir_records` (`autoid`, `cid`, `contribsys`, `contribsys_id`, `id`, `source`, `source_collection`, `source_record_number`)
VALUES
	(100010, '000249880', 'III - MILLENIUM', 'ia-nrlf.b12478852x', 'uc2.ark:/13960/t7hq3wc0f', 'UC', 'INRLF', '.b12478852x'),
	(225133, '000249880', 'EX LIBRIS - VOYAGER', 'ia-srlf334843', 'uc2.ark:/13960/t9q23rm56', 'UC', 'ISRLF', '334843');

INSERT INTO `zephir_identifier_records` (`record_autoid`, `identifier_autoid`)
VALUES
	(100010, 283072),
	(100010, 283074),
	(100010, 283075),
	(100010, 283076),
	(225133, 283072),
	(225133, 283074),
	(225133, 283076),
	(225133, 629996);

INSERT INTO `zephir_identifiers` (`autoid`, `type`, `identifier`)
VALUES
	(283072, 'lccn', '14017921'),
	(283074, 'oclc', '999531'),
	(283075, 'contrib_sys_id', 'ia-nrlf.b12478852x'),
	(283076, 'cid', '000249880'),
	(629996, 'contrib_sys_id', 'ia-srlf334843');


